-- phpMyAdmin SQL Dump
-- version 5.2.1
-- https://www.phpmyadmin.net/
--
-- Servidor: localhost
-- Tiempo de generación: 29-05-2023 a las 16:55:26
-- Versión del servidor: 10.4.28-MariaDB
-- Versión de PHP: 8.2.4

SET SQL_MODE = "NO_AUTO_VALUE_ON_ZERO";
START TRANSACTION;
SET time_zone = "+00:00";


/*!40101 SET @OLD_CHARACTER_SET_CLIENT=@@CHARACTER_SET_CLIENT */;
/*!40101 SET @OLD_CHARACTER_SET_RESULTS=@@CHARACTER_SET_RESULTS */;
/*!40101 SET @OLD_COLLATION_CONNECTION=@@COLLATION_CONNECTION */;
/*!40101 SET NAMES utf8mb4 */;

--
-- Base de datos: `esrn79_informes`
--

-- --------------------------------------------------------

--
-- Estructura de tabla para la tabla `estudiantes`
--

CREATE TABLE `estudiantes` (
  `id_estudiante` int(11) NOT NULL,
  `nom_estudiante` varchar(120) NOT NULL,
  `tur_estudiante` tinyint(1) NOT NULL,
  `ano_estudiante` int(1) NOT NULL
) ENGINE=InnoDB DEFAULT CHARSET=utf8 COLLATE=utf8_general_ci;

--
-- Volcado de datos para la tabla `estudiantes`
--

INSERT INTO `estudiantes` (`id_estudiante`, `nom_estudiante`, `tur_estudiante`, `ano_estudiante`) VALUES
(1, 'ALBORNOZ Lautaro Adrian', 1, 1),
(2, 'ALMUNA Fernanda Ayelen', 1, 1),
(3, 'BONILLAS CATA Alex Yoel', 1, 1),
(4, 'CARRASCO AVENDAO Bautista Benjamin', 1, 1),
(5, 'CARRASCO REY Sara Celeste', 1, 1),
(6, 'DOMINGUEZ Zaira Yoseln', 1, 1),
(7, 'FALCON Gael Benjamin', 1, 1),
(8, 'FLORES Jhoan Alexander', 1, 1),
(9, 'FLORES Nahiara Sofia', 1, 1),
(10, 'FREDES Joel Ilich', 1, 1),
(11, 'MIRANDA Camila Anahi', 1, 1),
(12, 'MIRANDA Eugenia Edith', 1, 1),
(13, 'ROMERO VARGAS Liz Joscelyn', 1, 1),
(14, 'SAN MARTIN AVENDAO Brenda Aldana', 1, 1),
(15, 'TEUQUE Ariel Geremias', 1, 1),
(16, 'TOLABA GASPAR Sol Jazmin Aldana', 1, 1),
(17, 'TRAFIANCO Naiara Jazmin', 1, 1),
(18, 'VARELA ROTH Valentina Milagros', 1, 1),
(19, 'VELARDE Mateo Gabriel', 1, 1),
(20, 'VELAZQUEZ Camila Emilce', 1, 1),
(21, 'VIVANCO MONTESINO Cristian Oscar', 1, 2),
(22, 'ANDRES Leonel Fabio', 1, 2),
(23, 'ASTUDILLO QUIDEL Alexis Joel', 1, 2),
(24, 'AVILA RODRIGUEZ Anyhelina', 1, 2),
(25, 'BRITO Dianella Yenisse', 1, 2),
(26, 'BURGOS CALIZAYA William Rolando', 1, 2),
(27, 'BUSTOS Benjamin Juan Thiago', 1, 2),
(28, 'BUSTOS CALDERﾓN Priscila Leonor', 1, 2),
(29, 'CERDA Lara Oriana', 1, 2),
(30, 'CHIUCHIARELLI Marco Agustin', 1, 2),
(31, 'COLLOMILLA Sofia Amalia Renata', 1, 2),
(32, 'FARIﾑES Jazmin Adriana', 1, 2),
(33, 'GARCIA Priscilla Micaela', 1, 2),
(34, 'GUEVARA SUVIA Analis Fabiana', 1, 2),
(35, 'MILLACOY CARRASCO Morena Tanya Rosier', 1, 2),
(36, 'MIRANDA Giuliana Ciria', 1, 2),
(37, 'NUﾑEZ Facundo', 1, 2),
(38, 'SILVA Sol Serena', 1, 2),
(39, 'TEMPRANO CORREA Juan Francisco', 1, 2),
(40, 'TOLABA GASPAR Matias Yoel Erwin', 1, 2),
(41, 'VILCA CALIZAYA Anibal Nahuel', 1, 2),
(42, 'VILTE Antonela Lujan', 1, 2),
(43, 'BONILLA CATA Rebeca', 1, 3),
(44, 'CEGOVIA PAREDEZ Norma Magali', 1, 3),
(45, 'DUMRAUF Oscar Nicolas', 1, 3),
(46, 'ETCHEVER Laura Elizabeth', 1, 3),
(47, 'FARFAN Florencia', 1, 3),
(48, 'LEAEZ SEGOVIA Celeste', 1, 3),
(49, 'MAAS Tomas Uriel', 1, 3),
(50, 'MARIN Kiara Agostina', 1, 3),
(51, 'MARTINEZ Mauro Alejandro', 1, 3),
(52, 'MARTINEZ NUEZ Oriana Yael', 1, 3),
(53, 'MORALES Gabriel Germn', 1, 3),
(54, 'PEREZ CORNEJO Jhonnier Smith', 1, 3),
(55, 'PEREZ SUAREZ Jazmin Yenifer', 1, 3),
(56, 'PRANAO Branco Exequiel', 1, 3),
(57, 'PUEBLAS Amadeo Agustn', 1, 3),
(58, 'SCHWALLIE Mateo Ezequiel', 1, 3),
(59, 'SUBIA TOLAVA Celeste Mariel', 1, 3),
(60, 'VELASQUEZ ESPINOZA Melvin', 1, 3),
(61, 'ALBANO Mario Esteban', 1, 4),
(62, 'ALMUNA TORRES Clyder Alejandra', 1, 4),
(63, 'AYALA FLORES Natacha Abigail', 1, 4),
(64, 'BALCAZAR CACERES Jhony', 1, 4),
(65, 'CARDOZO Luis Alfredo', 1, 4),
(66, 'CAYULEO Mateo Gregorio', 1, 4),
(67, 'CHIAPPE Mximo Valentn', 1, 4),
(68, 'ETCHEVER Emanuel Cesar', 1, 4),
(69, 'GANDOLFO Melani Layla', 1, 4),
(70, 'GUEVARA MARTINEZ Juliana Marife', 1, 4),
(71, 'MARTINEZ PUMA Carolina Caren', 1, 4),
(72, 'NUEZ Toms Ignacio', 1, 4),
(73, 'PADILLA MANFREDI Lucila Sofia', 1, 4),
(74, 'PRESA Bautista Gernimo', 1, 4),
(75, 'PRIETO VARGAS Martin Mateo', 1, 4),
(76, 'RODRIGUEZ Benjamin', 1, 4),
(77, 'SEBALLOS POLLA Mara Agustina', 1, 4),
(78, 'TRAFIANCO Sergio Ivan', 1, 4),
(79, 'VILTE Maria Belen', 1, 4),
(80, 'WIRA GARCIA Nayeli', 1, 4),
(81, 'ALAN CATRIEL Ludmila Magali', 1, 5),
(82, 'ANTONINI Franco Nicolas', 1, 5),
(83, 'CRUZ PALOMINO Joaquin Vidal', 1, 5),
(84, 'HERRERA FONSECA Azul Ariana', 1, 5),
(85, 'HUARI Lucas Damian', 1, 5),
(86, 'LOBOS Angeles Priscila', 1, 5),
(87, 'LOPEZ Nicolas Ariel', 1, 5),
(88, 'MAMANI BORJA David Leonel', 1, 5),
(89, 'MANSILLA Diego Sebastian', 1, 5),
(90, 'MENDEZ Naiara', 1, 5),
(91, 'PARANAO CARDENAS Dalmiro Jose', 1, 5),
(92, 'PEREZ CORNEJO Jefferson Romel', 1, 5),
(93, 'PEREZ Facundo Daniel', 1, 5),
(94, 'PITTAO Lautaro Gabriel', 1, 5),
(95, 'QUIDEL Jonathan Isaac', 1, 5),
(96, 'QUIROGA Jennifer Belen', 1, 5),
(97, 'ROMERO SEGOVIA Jonatan Alan', 1, 5),
(98, 'SEPULVEDA Mateo Thomas', 1, 5),
(99, 'UGARTE VALVERDE Mariana Jacqueline', 1, 5),
(100, 'BEJARANO LLANOS Ester Noemi', 2, 1),
(101, 'CARLOS Jose Julian', 2, 1),
(102, 'CONDORI LIMA Nlida', 2, 1),
(103, 'CORAITE CHOQUE Yanina Yanelin', 2, 1),
(104, 'CRUZ Shaiel Luisana', 2, 1),
(105, 'CUENCA CANO Kristen Janneht', 2, 1),
(106, 'ESPINOSA Nancy Fabiola', 2, 1),
(107, 'FLORES CARVAJAL Aylen Mariela', 2, 1),
(108, 'FRANCO MONGE Mario Abel', 2, 1),
(109, 'GIL CALVO Jovana Ayelen', 2, 1),
(110, 'MANSILLA Aldana Valentina', 2, 1),
(111, 'MARTINEZ SUVIA Rita Florencia', 2, 1),
(112, 'OCAMPO MARTINEZ Leonel Bladimir', 2, 1),
(113, 'RODRIGUEZ Ludmila Sara', 2, 1),
(114, 'ROJAS Janet Alejandra Lourdes', 2, 1),
(115, 'ROMERO LEPEZ Fabio Aurelio', 2, 1),
(116, 'SALDAA Leila Lucinda', 2, 1),
(117, 'SILVA Franco Ezequiel', 2, 1),
(118, 'VILCA Brayan Guillermo', 2, 1),
(119, 'VILLABLANCA Leandro Gaston', 2, 1),
(120, 'APARICIO Nadia Paola', 2, 2),
(121, 'ARAMAYO CAYO Nadia Soledad', 2, 2),
(122, 'CARLOS Melinda Esther', 2, 2),
(123, 'CASTRO LOSON Emanuel Vicente Benjamin', 2, 2),
(124, 'COLQUE ESCOBAR Rocio Mabel', 2, 2),
(125, 'FRANCO MONGE Daiana Belen', 2, 2),
(126, 'GARCIA LPEZ Santiago Ivan', 2, 2),
(127, 'GUTIERREZ SARAPURA Celeste Olga Isabel', 2, 2),
(128, 'HIDALGO BRITO Ian Lautaro Jos', 2, 2),
(129, 'LLANOS TOLEDO Leonel Gaspar', 2, 2),
(130, 'MARTINEZ VILTE Jos Ricardo', 2, 2),
(131, 'RAMOS Mia Emma Lujn', 2, 2),
(132, 'REBOLLO MENDEZ Roger Alejandro', 2, 2),
(133, 'ROJAS Miguel Alex Benjamn', 2, 2),
(134, 'UGARTE AVENDAO Camila Beln', 2, 2),
(135, 'VELASQUEZ - ESPINOZA Marilyn Soledad', 2, 2),
(136, 'VILCA TORRES Daiana Del Milagro', 2, 2),
(137, 'AGUERO HUENCHUN Horacio Emanuel', 2, 3),
(138, 'BURGOS YEVARA Yamila Rianet', 2, 3),
(139, 'CABANA Janet Isabel', 2, 3),
(140, 'CHOQUE Henry Jonas', 2, 3),
(141, 'CONDORI LIMA Evelyn', 2, 3),
(142, 'ESPINOSA Claudelina Marlene', 2, 3),
(143, 'ESPONDA Lautaro Andres', 2, 3),
(144, 'FARFAN Sebastian', 2, 3),
(145, 'LILLO Denzel Miyael', 2, 3),
(146, 'OCAMPO MARTINEZ Fernando Dario', 2, 3),
(147, 'QUISPE QUIROGA Jennifer Candela', 2, 3),
(148, 'RAMOS Antonella Sael', 2, 3),
(149, 'ROMERO LEPEZ Gonzalo Ezequiel', 2, 3),
(150, 'TIRANO AVILA Lisandro Alex', 2, 3),
(151, 'VELAZQUEZ Blas Gerardo', 2, 3),
(152, 'VISCARDI Lucas Gabriel', 2, 3),
(153, 'ZAGAL Emanuel Giezi', 2, 3),
(154, 'ZUBIA Rosa Noelia', 2, 3),
(155, 'ALVARADO Facundo Alejandro', 2, 4),
(156, 'CALVO GUAYAN Carlos Ezequiel', 2, 4),
(157, 'CALVO GUAYAN Macarena Elizabeth', 2, 4),
(158, 'CONDORI Carlos Osvaldo Exequiel', 2, 4),
(159, 'GIAEZ Cristian Tomas', 2, 4),
(160, 'HORVATH Bautista Francisco Andres', 2, 4),
(161, 'HUANCO Alex Rafael', 2, 4),
(162, 'LUJAN ENTRAIGAS Angel Tomas', 2, 4),
(163, 'MARTINEZ CORBALN Matas', 2, 4),
(164, 'NUEZ Emiliano Leonel', 2, 4),
(165, 'AGUIRRE SALDAﾑA Sandro', 2, 5),
(166, 'AVILA RODRIGUEZ Maritza', 2, 5),
(167, 'COLMAN Agustina Soledad', 2, 5),
(168, 'CONDORI Axel Ramiro', 2, 5),
(169, 'CONDORI LIMA Anibe', 2, 5),
(170, 'DOMINGUEZ Araceli Yanina', 2, 5),
(171, 'ESPINOSA Daniel Matias', 2, 5),
(172, 'ESPINOSA Reinaldo', 2, 5),
(173, 'ESPONDA Iara Lissette', 2, 5),
(174, 'FRID MAUREIRA Joseline Patricia', 2, 5),
(175, 'LLANES Fernando Ignacio Alan', 2, 5),
(176, 'LLANOS CADIZ Abril Candela', 2, 5),
(177, 'OCAMPO MARTINEZ Absalon Rodrigo', 2, 5),
(178, 'PETROLANDA Victoria Agustina', 2, 5),
(179, 'RIOS VIDAURRE Melisa Julia', 2, 5),
(180, 'RODRIGUEZ Guadalupe Luzmila', 2, 5),
(181, 'SALVATIERRA Camila Maribel', 2, 5),
(182, 'TOLABA Brenda Luciana', 2, 5),
(183, 'TORREZ GARECA Neida Ayelen', 2, 5),
(184, 'VARELA ROTH Sol Martina', 2, 5),
(185, 'VELARDE Aldana Ruth', 2, 5),
(186, 'VELAZQUEZ Julieta Elizabeth', 2, 5),
(187, 'VILCA TORRES Aylen Jacqueline', 2, 5),
(188, 'VILLAROEL Zafara Yexalen Hera', 2, 5);

-- --------------------------------------------------------

--
-- Estructura de tabla para la tabla `materias`
--

CREATE TABLE `materias` (
  `id_materia` int(11) NOT NULL,
  `nom_materia` varchar(50) NOT NULL
) ENGINE=InnoDB DEFAULT CHARSET=utf8 COLLATE=utf8_general_ci;

--
-- Volcado de datos para la tabla `materias`
--

INSERT INTO `materias` (`id_materia`, `nom_materia`) VALUES
(1, 'Sociales'),
(2, 'Matemática'),
(3, 'Lengua'),
(4, 'Ed. Artística'),
(5, 'Ingles'),
(6, 'Científica Tecnológica'),
(7, 'Ed. Física (Actividad física)'),
(8, 'Ed. Física (Orientación)');

-- --------------------------------------------------------

--
-- Estructura de tabla para la tabla `registros`
--

CREATE TABLE `registros` (
  `id_registro` int(11) NOT NULL,
  `id_estudiante` int(11) NOT NULL,
  `turno` int(11) NOT NULL,
  `anio` int(8) NOT NULL,
  `nombre` varchar(40) NOT NULL,
  `area` int(11) NOT NULL,
  `asistencia` int(11) NOT NULL,
  `participacion` int(11) NOT NULL,
  `proceso` varchar(255) NOT NULL,
  `criterios` varchar(350) NOT NULL,
  `fortalecer` varchar(255) NOT NULL,
  `trayectoria` varchar(12) NOT NULL,
  `observaciones` varchar(255) NOT NULL
) ENGINE=InnoDB DEFAULT CHARSET=utf8 COLLATE=utf8_general_ci;

--
-- Volcado de datos para la tabla `registros`
--

INSERT INTO `registros` (`id_registro`, `id_estudiante`, `turno`, `anio`, `nombre`, `area`, `asistencia`, `participacion`, `proceso`, `criterios`, `fortalecer`, `trayectoria`, `observaciones`) VALUES
(1, 100, 2, 1, 'BEJARANO LLANOS Ester Noemi', 1, 100, 5, 'Geografía: Espacio geográfico mundial y americano. | Historia: Primeras sociedades. Nomades y sedentarios. Revolución agrícola | TFPC: Proceso de socialización y subjetivación. Identidad y Cultura | Taller Sociales: Introducción a las ciencias sociales.', 'SIEMPRE es responsable y comprometido. | SIEMPRE entrega en tiempo y forma de las actividades. | REGULARMENTE se apropia y socializa los saberes. | SIEMPRE utiliza el lenguaje específico del área. | SIEMPRE trabaja de manera colaborativa. | SIEMPRE usa adecuadamente celulares y notebooks.', 'Ninguno', 'Logrado', 'Esther desde el área de ciencias sociales te alentamos a continuar trabajando con la responsabilidad y el compromiso asumido hasta ahora.'),
(2, 101, 2, 1, 'CARLOS Jose Julian', 1, 50, 1, 'Ninguno', 'POCAS VECES es responsable y comprometido. | NO entrega en tiempo y forma de las actividades. | NO se apropia y socializa los saberes. | NO utiliza el lenguaje específico del área. | POCAS VECES trabaja de manera colaborativa. | POCAS VECES usa adecuadamente celulares y notebooks.', 'Espacio geográfico mundial y americano. | Primeras sociedades. Revolución agrícola | Proceso de socialización y subjetivación.  | Introducción a las ciencias sociales. ', 'En proceso', 'José, consideramos de suma importancia que puedas asistir a la escuela con regularidad para poder acompañar tu trayectoria educativa. '),
(3, 102, 2, 1, 'CONDORI LIMA Nlida', 1, 75, 3, 'Historia: Primeras sociedades. Nomades y sedentarios. Revolución agrícola | TFPC: Proceso de socialización y subjetivación. Identidad y Cultura | Taller Sociales: Introducción a las ciencias sociales.  | Geografía: Espacio geográfico mundial y americano.', 'REGULARMENTE es responsable y comprometido. | SIEMPRE entrega en tiempo y forma de las actividades. | REGULARMENTE se apropia y socializa los saberes. | REGULARMENTE utiliza el lenguaje específico del área. | SIEMPRE trabaja de manera colaborativa. | SIEMPRE usa adecuadamente celulares y notebooks.', 'Ninguno', 'Logrado', 'Nelida desde el área de ciencias sociales te alentamos a continuar trabajando con la responsabilidad y el compromiso asumido hasta ahora.'),
(4, 103, 2, 1, 'CORAITE CHOQUE Yanina Yanelin', 1, 75, 0, 'Ninguno', 'NO es responsable y comprometido. | NO entrega en tiempo y forma de las actividades. | NO se apropia y socializa los saberes. | NO utiliza el lenguaje específico del área. | NO trabaja de manera colaborativa. | NO usa adecuadamente celulares y notebooks.', 'Espacio geográfico mundial y americano. | Primeras sociedades. Revolución agrícola | Proceso de socialización y subjetivación.  | Introducción a las ciencias sociales. ', 'En proceso', 'Yani, desde el área consideramos sumamente importante que puedas asumir un compromiso de realización de actividades y participación en clase. '),
(5, 104, 2, 1, 'CRUZ Shaiel Luisana', 1, 75, 2, 'Ninguno', 'POCAS VECES es responsable y comprometido. | NO entrega en tiempo y forma de las actividades. | NO se apropia y socializa los saberes. | NO utiliza el lenguaje específico del área. | POCAS VECES trabaja de manera colaborativa. | POCAS VECES usa adecuadamente celulares y notebooks.', 'Espacio geográfico mundial y americano. | Primeras sociedades. Revolución agrícola | Proceso de socialización y subjetivación.  | Introducción a las ciencias sociales. ', 'En proceso', 'Shaiel consideramos de suma importancia desde el área que puedas asumir un compromiso de trabajo y participación en clase continuo '),
(6, 105, 2, 1, 'CUENCA CANO Kristen Janneht', 1, 100, 5, 'Espacio geográfico mundial y americano. | Primeras sociedades. Revolución agrícola | Proceso de socialización y subjetivación.  | Introducción a las ciencias sociales. ', 'SIEMPRE es responsable y comprometido. | SIEMPRE entrega en tiempo y forma de las actividades. | SIEMPRE se apropia y socializa los saberes. | SIEMPRE utiliza el lenguaje específico del área. | SIEMPRE trabaja de manera colaborativa. | SIEMPRE usa adecuadamente celulares y notebooks.', 'Ninguno ', 'Logrado', 'Kristen tu participación y trabajo en clase es bueno, pero es importante regular el comportamiento y la \"charla\" con tus compañeras. '),
(7, 106, 2, 1, 'ESPINOSA Nancy Fabiola', 1, 100, 3, 'Espacio geográfico mundial y americano. | Primeras sociedades. Revolución agrícola | Proceso de socialización y subjetivación.  | Introducción a las ciencias sociales. ', 'REGULARMENTE es responsable y comprometido. | SIEMPRE entrega en tiempo y forma de las actividades. | SIEMPRE se apropia y socializa los saberes. | SIEMPRE utiliza el lenguaje específico del área. | REGULARMENTE trabaja de manera colaborativa. | SIEMPRE usa adecuadamente celulares y notebooks.', 'Ninguno', 'Logrado', 'Nancy, es importante que comiences a participar mas en clase, tus producciones son muy buenas como para compartilas con el resto!!'),
(8, 107, 2, 1, 'FLORES CARVAJAL Aylen Mariela', 1, 100, 0, 'Ninguno', 'POCAS VECES es responsable y comprometido. | POCAS VECES entrega en tiempo y forma de las actividades. | REGULARMENTE se apropia y socializa los saberes. | POCAS VECES utiliza el lenguaje específico del área. | POCAS VECES trabaja de manera colaborativa. | SIEMPRE usa adecuadamente celulares y notebooks.', 'Espacio geográfico mundial y americano. | Primeras sociedades. Revolución agrícola | Proceso de socialización y subjetivación.  | Introducción a las ciencias sociales. ', 'Logrado', 'Mariela, es importante comenzar a asumir un compromiso de trabajo y participación en el área mas sostenido para poder hacer y acreditar los saberes. '),
(9, 108, 2, 1, 'FRANCO MONGE Mario Abel', 1, 100, 0, 'Ninguno', 'POCAS VECES es responsable y comprometido. | POCAS VECES entrega en tiempo y forma de las actividades. | POCAS VECES se apropia y socializa los saberes. | NO utiliza el lenguaje específico del área. | POCAS VECES trabaja de manera colaborativa. | SIEMPRE usa adecuadamente celulares y notebooks.', 'Espacio geográfico mundial y americano. | Primeras sociedades. Revolución agrícola | Proceso de socialización y subjetivación.  | Introducción a las ciencias sociales. ', 'Logrado', 'Mario, es importante que asumas un mayor compromiso de trabajo en las actividades y en la participación en clase, para poder acreditar. '),
(10, 109, 2, 1, 'GIL CALVO Jovana Ayelen', 1, 75, 5, 'Espacio geográfico mundial y americano. | Primeras sociedades. Revolución agrícola | Proceso de socialización y subjetivación.  | Introducción a las ciencias sociales. ', 'SIEMPRE es responsable y comprometido. | SIEMPRE entrega en tiempo y forma de las actividades. | SIEMPRE se apropia y socializa los saberes. | SIEMPRE utiliza el lenguaje específico del área. | SIEMPRE trabaja de manera colaborativa. | SIEMPRE usa adecuadamente celulares y notebooks.', 'Ninguno', 'Logrado', 'Jovanna trabajas muy lindo en clase, ahora te invitamos a que puedas asumir un compromiso de participación para socializar con compañeros/as. '),
(11, 110, 2, 1, 'MANSILLA Aldana Valentina', 1, 100, 5, 'Ninguno', 'POCAS VECES es responsable y comprometido. | POCAS VECES entrega en tiempo y forma de las actividades. | POCAS VECES se apropia y socializa los saberes. | POCAS VECES utiliza el lenguaje específico del área. | POCAS VECES trabaja de manera colaborativa. | POCAS VECES usa adecuadamente celulares y notebooks.', 'Espacio geográfico mundial y americano. | Primeras sociedades. Revolución agrícola | Proceso de socialización y subjetivación.  | Introducción a las ciencias sociales. ', 'En proceso', 'Valen, es importante que asumas un mayor compromiso de trabajo en clase para poder entregar actividades y acreditar. '),
(12, 111, 2, 1, 'MARTINEZ SUVIA Rita Florencia', 1, 100, 3, 'Ninguno', 'POCAS VECES es responsable y comprometido. | POCAS VECES entrega en tiempo y forma de las actividades. | POCAS VECES se apropia y socializa los saberes. | POCAS VECES utiliza el lenguaje específico del área. | POCAS VECES trabaja de manera colaborativa. | POCAS VECES usa adecuadamente celulares y notebooks.', 'Espacio geográfico mundial y americano. | Primeras sociedades. Revolución agrícola | Proceso de socialización y subjetivación.  | Introducción a las ciencias sociales. ', 'En proceso', 'Florencia es importante que asumas un mayor compromiso en la realización de las actividades y participación en clase para acreditar el área. '),
(13, 112, 2, 1, 'OCAMPO MARTINEZ Leonel Bladimir', 1, 100, 5, 'Espacio geográfico mundial y americano. | Primeras sociedades. Revolución agrícola | Proceso de socialización y subjetivación.  | Introducción a las ciencias sociales. ', 'SIEMPRE es responsable y comprometido. | SIEMPRE entrega en tiempo y forma de las actividades. | SIEMPRE se apropia y socializa los saberes. | SIEMPRE utiliza el lenguaje específico del área. | SIEMPRE trabaja de manera colaborativa. | SIEMPRE usa adecuadamente celulares y notebooks.', 'ninguno', 'Logrado', 'Leonel felicitaciones por el trabajo y participación en clase. A continuar así!'),
(14, 113, 2, 1, 'RODRIGUEZ Ludmila Sara', 1, 100, 5, 'Espacio geográfico mundial y americano. | Primeras sociedades. Revolución agrícola | Proceso de socialización y subjetivación.  | Introducción a las ciencias sociales. ', 'SIEMPRE es responsable y comprometido. | SIEMPRE entrega en tiempo y forma de las actividades. | SIEMPRE se apropia y socializa los saberes. | SIEMPRE utiliza el lenguaje específico del área. | SIEMPRE trabaja de manera colaborativa. | SIEMPRE usa adecuadamente celulares y notebooks.', 'Ninguno', 'Logrado', 'Ludmila es importante que puedas animarte a participar mas en clase. Continuamos trabajando así. '),
(15, 114, 2, 1, 'ROJAS Janet Alejandra Lourdes', 1, 100, 2, 'Ninguno', 'POCAS VECES es responsable y comprometido. | POCAS VECES entrega en tiempo y forma de las actividades. | POCAS VECES se apropia y socializa los saberes. | POCAS VECES utiliza el lenguaje específico del área. | POCAS VECES trabaja de manera colaborativa. | POCAS VECES usa adecuadamente celulares y notebooks.', 'Espacio geográfico mundial y americano. | Primeras sociedades. Revolución agrícola | Proceso de socialización y subjetivación.  | Introducción a las ciencias sociales. ', 'En proceso', 'Janet te invitamos a participar mas en clase y poder realizar las actividades para poder acreditar el área. '),
(16, 115, 2, 1, 'ROMERO LEPEZ Fabio Aurelio', 1, 50, 3, 'Espacio geográfico mundial y americano. | ', 'POCAS VECES es responsable y comprometido. | NO entrega en tiempo y forma de las actividades. | NO se apropia y socializa los saberes. | NO utiliza el lenguaje específico del área. | NO trabaja de manera colaborativa. | POCAS VECES usa adecuadamente celulares y notebooks.', 'Primeras sociedades. Revolución agrícola | Proceso de socialización y subjetivación.  | Introducción a las ciencias sociales. ', 'En proceso', 'Fabio es importante que puedas concurrir a clase regularmente para que podamos acompañarte en tu trayectoria educativa. Confiamos en vos! '),
(17, 116, 2, 1, 'SALDAA Leila Lucinda', 1, 100, 3, 'Ninguno', 'NO es responsable y comprometido. | NO entrega en tiempo y forma de las actividades. | NO se apropia y socializa los saberes. | POCAS VECES utiliza el lenguaje específico del área. | POCAS VECES trabaja de manera colaborativa. | POCAS VECES usa adecuadamente celulares y notebooks.', 'Primeras sociedades. Revolución agrícola | Proceso de socialización y subjetivación.  | Introducción a las ciencias sociales. ', 'En proceso', 'Leyla es importante que puedas asumir un compromiso mayor de trabajo para hacer las cosas y participar en clase. '),
(18, 117, 2, 1, 'SILVA Franco Ezequiel', 1, 100, 1, 'Ninguno', 'POCAS VECES es responsable y comprometido. | POCAS VECES entrega en tiempo y forma de las actividades. | POCAS VECES se apropia y socializa los saberes. | POCAS VECES utiliza el lenguaje específico del área. | POCAS VECES trabaja de manera colaborativa. | POCAS VECES usa adecuadamente celulares y notebooks.', 'Espacio geográfico mundial y americano. | Primeras sociedades. Revolución agrícola | Proceso de socialización y subjetivación.  | Introducción a las ciencias sociales. ', 'En proceso', 'Franco es importante que asumas un mayor compromiso de trabajo en clase y practiques la lectoescritura que es lo que te ayudara a avanzar en las PP. '),
(19, 118, 2, 1, 'VILCA Brayan Guillermo', 1, 100, 3, 'Ninguno', 'POCAS VECES es responsable y comprometido. | POCAS VECES entrega en tiempo y forma de las actividades. | POCAS VECES se apropia y socializa los saberes. | POCAS VECES utiliza el lenguaje específico del área. | POCAS VECES trabaja de manera colaborativa. | POCAS VECES usa adecuadamente celulares y notebooks.', 'Espacio geográfico mundial y americano. | Primeras sociedades. Revolución agrícola | Proceso de socialización y subjetivación.  | Introducción a las ciencias sociales. ', 'En proceso', 'Bryan es importante que asumas un compromiso mayor de trabajo en clase y participación para poder acreditar los saberes del área. '),
(20, 119, 2, 1, 'VILLABLANCA Leandro Gaston', 1, 100, 5, 'Ninguno', 'POCAS VECES es responsable y comprometido. | REGULARMENTE entrega en tiempo y forma de las actividades. | POCAS VECES se apropia y socializa los saberes. | POCAS VECES utiliza el lenguaje específico del área. | REGULARMENTE trabaja de manera colaborativa. | SIEMPRE usa adecuadamente celulares y notebooks.', 'Espacio geográfico mundial y americano. | Primeras sociedades. Revolución agrícola | Proceso de socialización y subjetivación.  | Introducción a las ciencias sociales. ', 'En proceso', 'Leandro destacamos tu predisposición y participación en clase, falta un poquito mas en la producción de los trabajos para comenzar a acreditar saberes'),
(21, 120, 2, 2, 'APARICIO Nadia Paola', 1, 100, 5, 'Espacio geográfico argentino y latinoamericano. | Sistema colonial hispanoamericano.  | Conformación del Estado Nacional Argentino 1810-1880.', 'SIEMPRE es responsable y comprometido. | SIEMPRE entrega en tiempo y forma de las actividades. | SIEMPRE se apropia y socializa los saberes. | SIEMPRE utiliza el lenguaje específico del área. | SIEMPRE trabaja de manera colaborativa. | SIEMPRE usa adecuadamente celulares y notebooks.', 'Ninguno', 'Logrado', 'Nadia, te alentamos a que puedas animarte a compartir tus producciones de forma oral con el resto de tus compañeros/as porque son muy buenas!!'),
(22, 121, 2, 2, 'ARAMAYO CAYO Nadia Soledad', 1, 0, 0, 'Ninguno', 'NO es responsable y comprometido. | NO entrega en tiempo y forma de las actividades. | NO se apropia y socializa los saberes. | NO utiliza el lenguaje específico del área. | NO trabaja de manera colaborativa. | NO usa adecuadamente celulares y notebooks.', 'Espacio geográfico argentino y latinoamericano. | Sistema colonial hispanoamericano.  | Conformación del Estado Nacional Argentino 1810-1880.', 'En proceso', 'Lx estudiante nunca asistió a clase. '),
(23, 122, 2, 2, 'CARLOS Melinda Esther', 1, 75, 0, 'Ninguno', 'NO es responsable y comprometido. | NO entrega en tiempo y forma de las actividades. | NO se apropia y socializa los saberes. | NO utiliza el lenguaje específico del área. | NO trabaja de manera colaborativa. | NO usa adecuadamente celulares y notebooks.', 'Espacio geográfico argentino y latinoamericano. | Sistema colonial hispanoamericano.  | Conformación del Estado Nacional Argentino 1810-1880. | ', 'En proceso', 'Melinda te alentamos a que puedas empezar a trabajar en clase, participar y entregar las PP segun talleres o disciplinas. '),
(24, 123, 2, 2, 'CASTRO LOSON Emanuel Vicente Benjamin', 1, 90, 0, 'Ninguno', 'NO es responsable y comprometido. | POCAS VECES entrega en tiempo y forma de las actividades. | POCAS VECES se apropia y socializa los saberes. | NO utiliza el lenguaje específico del área. | NO trabaja de manera colaborativa. | POCAS VECES usa adecuadamente celulares y notebooks.', 'Espacio geográfico argentino y latinoamericano. | Sistema colonial hispanoamericano.  | Conformación del Estado Nacional Argentino 1810-1880.', 'En proceso', 'Emma, solicitamos mayor compromiso por parte tuya para que puedas hacer las actividades en clase, participar más y entregar para ir acreditando. '),
(25, 124, 2, 2, 'COLQUE ESCOBAR Rocio Mabel', 1, 100, 5, 'Espacio geográfico argentino y latinoamericano. | Sistema colonial hispanoamericano.  | Conformación del Estado Nacional Argentino 1810-1880.', 'SIEMPRE es responsable y comprometido. | SIEMPRE entrega en tiempo y forma de las actividades. | SIEMPRE se apropia y socializa los saberes. | SIEMPRE utiliza el lenguaje específico del área. | SIEMPRE trabaja de manera colaborativa. | SIEMPRE usa adecuadamente celulares y notebooks.', 'Ninguno', 'Logrado', 'Rocio, tu desempeño es muy bueno, continuamos trabajando asi!!!'),
(26, 125, 2, 2, 'FRANCO MONGE Daiana Belen', 1, 90, 5, 'Espacio geográfico argentino y latinoamericano. | Sistema colonial hispanoamericano.  | Conformación del Estado Nacional Argentino 1810-1880. | ', 'SIEMPRE es responsable y comprometido. | SIEMPRE entrega en tiempo y forma de las actividades. | SIEMPRE se apropia y socializa los saberes. | SIEMPRE utiliza el lenguaje específico del área. | SIEMPRE trabaja de manera colaborativa. | SIEMPRE usa adecuadamente celulares y notebooks.', 'ninguno', 'Logrado', 'Nadia tu desempeño de trabajo es muy bueno, si es importante por ahí mejorar la participación oral para compartir tus producciones. '),
(27, 126, 2, 2, 'GARCIA LOPEZ Santiago Ivan', 1, 100, 5, 'Espacio geográfico argentino y latinoamericano. | Sistema colonial hispanoamericano.  | Conformación del Estado Nacional Argentino 1810-1880. | ', 'REGULARMENTE es responsable y comprometido. | REGULARMENTE entrega en tiempo y forma de las actividades. | REGULARMENTE se apropia y socializa los saberes. | REGULARMENTE utiliza el lenguaje específico del área. | REGULARMENTE trabaja de manera colaborativa. | SIEMPRE usa adecuadamente celulares y notebooks.', 'Ninguno', 'Logrado', 'Santiago, tus producciones áulicas son buenas, pero falta mayor compromiso, mejorar la organización de la carpeta y la lectoescritura. '),
(28, 127, 2, 2, 'GUTIERREZ SARAPURA Celeste Olga Isabel', 1, 100, 3, 'Ninguno', 'POCAS VECES es responsable y comprometido. | POCAS VECES entrega en tiempo y forma de las actividades. | POCAS VECES se apropia y socializa los saberes. | POCAS VECES utiliza el lenguaje específico del área. | POCAS VECES trabaja de manera colaborativa. | POCAS VECES usa adecuadamente celulares y notebooks.', 'Espacio geográfico argentino y latinoamericano. | Sistema colonial hispanoamericano.  | Conformación del Estado Nacional Argentino 1810-1880.', 'En proceso', 'Celeste, pocas veces tenes actitud para trabajar, pero últimamente perdes mucho tiempo conversando, te distraes, y no culminas las actividades.'),
(29, 128, 2, 2, 'HIDALGO BRITO Ian Lautaro Jos', 1, 50, 2, 'ninguno', 'POCAS VECES es responsable y comprometido. | POCAS VECES entrega en tiempo y forma de las actividades. | POCAS VECES se apropia y socializa los saberes. | NO utiliza el lenguaje específico del área. | NO trabaja de manera colaborativa. | NO usa adecuadamente celulares y notebooks.', 'Espacio geográfico argentino y latinoamericano. | Sistema colonial hispanoamericano.  | Conformación del Estado Nacional Argentino 1810-1880.', 'En proceso', 'Lautaro, con acompañamiento de profe a veces avanzas con las consignas pero no logras terminar los trabajos y entregar. Falta participación en clase.'),
(30, 128, 2, 2, 'HIDALGO BRITO Ian Lautaro Jos', 1, 50, 2, 'Ninguno', 'POCAS VECES es responsable y comprometido. | NO entrega en tiempo y forma de las actividades. | POCAS VECES se apropia y socializa los saberes. | POCAS VECES utiliza el lenguaje específico del área. | POCAS VECES trabaja de manera colaborativa. | SIEMPRE usa adecuadamente celulares y notebooks.', 'Espacio geográfico argentino y latinoamericano. | Sistema colonial hispanoamericano.  | Conformación del Estado Nacional Argentino 1810-1880. | ', 'En proceso', 'Lautaro, con ayuda de profe a veces avanzas en las consignas, pero no culminas con las actividades, es necesario mejorar el compromiso de trabajo'),
(31, 129, 2, 2, 'LLANOS TOLEDO Leonel Gaspar', 1, 75, 5, 'Espacio geográfico argentino y latinoamericano. | Sistema colonial hispanoamericano.  | Conformación del Estado Nacional Argentino 1810-1880. | ', 'SIEMPRE es responsable y comprometido. | SIEMPRE entrega en tiempo y forma de las actividades. | SIEMPRE se apropia y socializa los saberes. | SIEMPRE utiliza el lenguaje específico del área. | SIEMPRE trabaja de manera colaborativa. | SIEMPRE usa adecuadamente celulares y notebooks.', 'ninguno', 'Logrado', 'Leonel trabajas muy bien en clase tanto en las actividades escritas como orales, es importante continuar así! '),
(32, 130, 2, 2, 'MARTINEZ VILTE Jose Ricardo', 1, 100, 5, 'Espacio geográfico argentino y latinoamericano. | Sistema colonial hispanoamericano.  | Conformación del Estado Nacional Argentino 1810-1880. | ', 'SIEMPRE es responsable y comprometido. | SIEMPRE entrega en tiempo y forma de las actividades. | SIEMPRE se apropia y socializa los saberes. | SIEMPRE utiliza el lenguaje específico del área. | SIEMPRE trabaja de manera colaborativa. | SIEMPRE usa adecuadamente celulares y notebooks.', 'ninguno', 'Logrado', 'Jose, tu desempeño en clase es muy bueno, continuamos trabajando asi!'),
(33, 131, 2, 2, 'RAMOS Mia Emma Lujan', 1, 75, 0, 'ninguno', 'POCAS VECES es responsable y comprometido. | NO entrega en tiempo y forma de las actividades. | NO se apropia y socializa los saberes. | NO utiliza el lenguaje específico del área. | POCAS VECES trabaja de manera colaborativa. | SIEMPRE usa adecuadamente celulares y notebooks.', 'Espacio geográfico argentino y latinoamericano. | Sistema colonial hispanoamericano.  | Conformación del Estado Nacional Argentino 1810-1880. | ', 'En proceso', 'Emma es importante que puedas asumir un mayor compromiso de trabajo áulico y participación para poder comenzar a acreditar las actividades. '),
(34, 132, 2, 2, 'REBOLLO MENDEZ Roger Alejandro', 1, 50, 4, 'ninguno', 'REGULARMENTE es responsable y comprometido. | REGULARMENTE entrega en tiempo y forma de las actividades. | REGULARMENTE se apropia y socializa los saberes. | REGULARMENTE utiliza el lenguaje específico del área. | REGULARMENTE trabaja de manera colaborativa. | SIEMPRE usa adecuadamente celulares y notebooks.', 'Espacio geográfico argentino y latinoamericano. | Sistema colonial hispanoamericano.  | Conformación del Estado Nacional Argentino 1810-1880. | ', 'En proceso', 'Roger es importante que puedas venir a clase con regularidad para que podamos acompañarte en tu proceso de aprendizaje.'),
(35, 133, 2, 2, 'ROJAS Miguel Alex Benjamn', 1, 100, 4, 'ninguno', 'REGULARMENTE es responsable y comprometido. | REGULARMENTE entrega en tiempo y forma de las actividades. | REGULARMENTE se apropia y socializa los saberes. | REGULARMENTE utiliza el lenguaje específico del área. | REGULARMENTE trabaja de manera colaborativa. | REGULARMENTE usa adecuadamente celulares y notebooks.', 'Espacio geográfico argentino y latinoamericano. | Sistema colonial hispanoamericano.  | Conformación del Estado Nacional Argentino 1810-1880. | ', 'En proceso', 'Miguel, es importante que asumas un mayor compromiso con la tarea, habías comenzado bien y las ultimas clases te distraes mucho. '),
(36, 134, 2, 2, 'UGARTE AVENDAÑO Camila Belen', 1, 100, 4, 'Espacio geográfico argentino y latinoamericano. | Sistema colonial hispanoamericano.  | Conformación del Estado Nacional Argentino 1810-1880.', 'REGULARMENTE es responsable y comprometido. | REGULARMENTE entrega en tiempo y forma de las actividades. | REGULARMENTE se apropia y socializa los saberes. | REGULARMENTE utiliza el lenguaje específico del área. | REGULARMENTE trabaja de manera colaborativa. | REGULARMENTE usa adecuadamente celulares y notebooks.', ' | ninguno', 'Logrado', 'Cami, es importante que puedas asumir un mayor compromiso para resolver las actividades en clase o las que quedan pendiente para la casa. '),
(37, 135, 2, 2, 'VELASQUEZ - ESPINOZA Marilyn Soledad', 1, 50, 2, 'ninguno', 'POCAS VECES es responsable y comprometido. | POCAS VECES entrega en tiempo y forma de las actividades. | POCAS VECES se apropia y socializa los saberes. | POCAS VECES utiliza el lenguaje específico del área. | POCAS VECES trabaja de manera colaborativa. | SIEMPRE usa adecuadamente celulares y notebooks.', 'Espacio geográfico argentino y latinoamericano. | Sistema colonial hispanoamericano.  | Conformación del Estado Nacional Argentino 1810-1880.', 'En proceso', 'Marylin es importante concurrir a clase regularmente para que podamos acompañarte en tu proceso de aprendizaje. '),
(38, 136, 2, 2, 'VILCA TORRES Daiana Del Milagro', 1, 80, 2, 'ninguno', 'POCAS VECES es responsable y comprometido. | POCAS VECES entrega en tiempo y forma de las actividades. | POCAS VECES se apropia y socializa los saberes. | POCAS VECES utiliza el lenguaje específico del área. | POCAS VECES trabaja de manera colaborativa. | SIEMPRE usa adecuadamente celulares y notebooks.', 'Espacio geográfico argentino y latinoamericano. | Sistema colonial hispanoamericano.  | Conformación del Estado Nacional Argentino 1810-1880.', 'En proceso', 'Daiana es importante que puedas asumir un mayor compromiso para realizar las actividades en clase o las que quedan pendiente para la casa. '),
(39, 1, 1, 1, 'ALBORNOZ Lautaro Adrian', 3, 100, 4, 'Clases de palabras: sustantivo, adjetivo y verbo desde el aspecto semántico, morfológico y sintáctico', 'REGULARMENTE es responsable y comprometido. | POCAS VECES entrega en tiempo y forma de las actividades. | REGULARMENTE se apropia y socializa los saberes. | POCAS VECES utiliza el lenguaje específico del área. | SIEMPRE trabaja de manera colaborativa. | REGULARMENTE usa adecuadamente celulares y notebooks.', 'El sustantivo desde el aspecto semántico, morfológico y sintáctico', 'Logrado', 'Debe concentrarse más, y charlar un menos en clase.'),
(40, 2, 1, 1, 'ALMUNA Fernanda Ayelen', 3, 100, 4, 'Clases de palabras.  Sustantivo, adjetivo y verbo desde el aspecto semántico, morfológico y sintáctico.', 'REGULARMENTE es responsable y comprometido. | SIEMPRE entrega en tiempo y forma de las actividades. | REGULARMENTE se apropia y socializa los saberes. | REGULARMENTE utiliza el lenguaje específico del área. | SIEMPRE trabaja de manera colaborativa. | SIEMPRE usa adecuadamente celulares y notebooks.', 'Ninguno', 'Logrado', 'Estudiante muy responsable'),
(41, 3, 1, 1, 'BONILLAS CATA Alex Yoel', 3, 100, 5, 'Clases de palabras.  Sustantivo, adjetivo y verbo desde el aspecto semántico, morfológico y sintáctico.', 'SIEMPRE es responsable y comprometido. | SIEMPRE entrega en tiempo y forma de las actividades. | SIEMPRE se apropia y socializa los saberes. | SIEMPRE utiliza el lenguaje específico del área. | SIEMPRE trabaja de manera colaborativa. | SIEMPRE usa adecuadamente celulares y notebooks.', 'Ninguno', 'Logrado', 'Alumno muy responsable, '),
(42, 4, 1, 1, 'CARRASCO AVENDAO Bautista Benjamin', 3, 90, 3, 'Clases de palabras.  Sustantivo, adjetivo y verbo desde el aspecto semántico, morfológico y sintáctico.', 'POCAS VECES es responsable y comprometido. | POCAS VECES entrega en tiempo y forma de las actividades. | POCAS VECES se apropia y socializa los saberes. | POCAS VECES utiliza el lenguaje específico del área. | POCAS VECES trabaja de manera colaborativa. | POCAS VECES usa adecuadamente celulares y notebooks.', 'Clases de palabras.  Sustantivo, adjetivo y verbo desde el aspecto semántico, morfológico y sintáctico.', 'En proceso', 'Debe trabajar en clases y entregar los trabajos propuestos por el área'),
(43, 5, 1, 1, 'CARRASCO REY Sara Celeste', 3, 100, 4, 'Clases de palabras.  Sustantivo, adjetivo y verbo desde el aspecto semántico, morfológico y sintáctico.', 'REGULARMENTE es responsable y comprometido. | NO entrega en tiempo y forma de las actividades. | NO se apropia y socializa los saberes. | POCAS VECES utiliza el lenguaje específico del área. | REGULARMENTE trabaja de manera colaborativa. | REGULARMENTE usa adecuadamente celulares y notebooks.', 'Clases de palabras.  Sustantivo, adjetivo y verbo desde el aspecto semántico, morfológico y sintáctico.', 'En proceso', 'Necesita trabajar más en el aula. Adeuda todas las actividades propuestas.  '),
(44, 6, 1, 1, 'DOMINGUEZ Zaira Yoseln', 3, 100, 4, 'Clases de palabras.  Sustantivo, adjetivo y verbo desde el aspecto semántico, morfológico y sintáctico.', 'SIEMPRE es responsable y comprometido. | SIEMPRE entrega en tiempo y forma de las actividades. | SIEMPRE se apropia y socializa los saberes. | SIEMPRE utiliza el lenguaje específico del área. | SIEMPRE trabaja de manera colaborativa. | SIEMPRE usa adecuadamente celulares y notebooks.', 'Ninguno', 'Logrado', 'Estudiante muy responsable.'),
(45, 7, 1, 1, 'FALCON Gael Benjamin', 3, 90, 2, 'Clases de palabras.  Sustantivo, adjetivo y verbo desde el aspecto semántico, morfológico y sintáctico.', 'POCAS VECES es responsable y comprometido. | NO entrega en tiempo y forma de las actividades. | POCAS VECES se apropia y socializa los saberes. | NO utiliza el lenguaje específico del área. | POCAS VECES trabaja de manera colaborativa. | POCAS VECES usa adecuadamente celulares y notebooks.', 'Clases de palabras.  Sustantivo, adjetivo y verbo desde el aspecto semántico, morfológico y sintáctico.', 'En proceso', 'Gael debe concentrarse más, hablar menos y realizar las actividades porpuesta por el área.'),
(46, 8, 1, 1, 'FLORES Jhoan Alexander', 3, 90, 4, 'Clases de palabras.  Sustantivo, adjetivo y verbo desde el aspecto semántico, morfológico y sintáctico.', 'REGULARMENTE es responsable y comprometido. | SIEMPRE entrega en tiempo y forma de las actividades. | REGULARMENTE se apropia y socializa los saberes. | REGULARMENTE utiliza el lenguaje específico del área. | SIEMPRE trabaja de manera colaborativa. | SIEMPRE usa adecuadamente celulares y notebooks.', 'Ninguno', 'Logrado', 'Estudiante responsable'),
(47, 9, 1, 1, 'FLORES Nahiara Sofia', 3, 100, 5, 'Clases de palabras.  Sustantivo, adjetivo y verbo desde el aspecto semántico, morfológico y sintáctico.', 'SIEMPRE es responsable y comprometido. | SIEMPRE entrega en tiempo y forma de las actividades. | REGULARMENTE se apropia y socializa los saberes. | REGULARMENTE utiliza el lenguaje específico del área. | SIEMPRE trabaja de manera colaborativa. | SIEMPRE usa adecuadamente celulares y notebooks.', 'Ninguno', 'Logrado', 'Estudiante responsable y colaborativa.'),
(48, 10, 1, 1, 'FREDES Joel Ilich', 3, 100, 3, 'Clases de palabras.  Sustantivo, adjetivo y verbo desde el aspecto semántico, morfológico y sintáctico.', 'POCAS VECES es responsable y comprometido. | NO entrega en tiempo y forma de las actividades. | POCAS VECES se apropia y socializa los saberes. | POCAS VECES utiliza el lenguaje específico del área. | REGULARMENTE trabaja de manera colaborativa. | REGULARMENTE usa adecuadamente celulares y notebooks.', 'Clases de palabras.  Sustantivo, adjetivo y verbo desde el aspecto semántico, morfológico y sintáctico.', 'En proceso', 'Debe hablar menos, concentrarse más y tener más confianza en sí mismo.'),
(49, 11, 1, 1, 'MIRANDA Camila Anahi', 3, 95, 5, 'Clases de palabras.  Sustantivo, adjetivo y verbo desde el aspecto semántico, morfológico y sintáctico.', 'SIEMPRE es responsable y comprometido. | REGULARMENTE entrega en tiempo y forma de las actividades. | SIEMPRE se apropia y socializa los saberes. | REGULARMENTE utiliza el lenguaje específico del área. | SIEMPRE trabaja de manera colaborativa. | REGULARMENTE usa adecuadamente celulares y notebooks.', 'Ninguno', 'Logrado', 'Adeuda el TP II'),
(50, 12, 1, 1, 'MIRANDA Eugenia Edith', 3, 100, 4, 'Clases de palabras.  Sustantivo, adjetivo y verbo desde el aspecto semántico, morfológico y sintáctico.', 'SIEMPRE es responsable y comprometido. | REGULARMENTE entrega en tiempo y forma de las actividades. | REGULARMENTE se apropia y socializa los saberes. | REGULARMENTE utiliza el lenguaje específico del área. | SIEMPRE trabaja de manera colaborativa. | SIEMPRE usa adecuadamente celulares y notebooks.', 'Ninguno', 'Logrado', 'Adeuda TP II'),
(51, 13, 1, 1, 'ROMERO VARGAS Liz Joscelyn', 3, 100, 5, 'Clases de palabras.  Sustantivo, adjetivo y verbo desde el aspecto semántico, morfológico y sintáctico.', 'SIEMPRE es responsable y comprometido. | SIEMPRE entrega en tiempo y forma de las actividades. | REGULARMENTE se apropia y socializa los saberes. | SIEMPRE utiliza el lenguaje específico del área. | REGULARMENTE trabaja de manera colaborativa. | SIEMPRE usa adecuadamente celulares y notebooks.', 'Ninguno', 'Logrado', 'Estudiante muy responsable'),
(52, 14, 1, 1, 'SAN MARTIN AVENDAO Brenda Aldana', 3, 100, 4, 'Clases de palabras.  Sustantivo, adjetivo y verbo desde el aspecto semántico, morfológico y sintáctico.', 'REGULARMENTE es responsable y comprometido. | REGULARMENTE entrega en tiempo y forma de las actividades. | REGULARMENTE se apropia y socializa los saberes. | REGULARMENTE utiliza el lenguaje específico del área. | REGULARMENTE trabaja de manera colaborativa. | REGULARMENTE usa adecuadamente celulares y notebooks.', 'Ninguno', 'Logrado', ''),
(53, 15, 1, 1, 'TEUQUE Ariel Geremias', 3, 100, 3, 'Clases de palabras.  Sustantivo, adjetivo y verbo desde el aspecto semántico, morfológico y sintáctico.', 'REGULARMENTE es responsable y comprometido. | REGULARMENTE entrega en tiempo y forma de las actividades. | REGULARMENTE se apropia y socializa los saberes. | POCAS VECES utiliza el lenguaje específico del área. | POCAS VECES trabaja de manera colaborativa. | REGULARMENTE usa adecuadamente celulares y notebooks.', 'Ninguno', 'Logrado', 'Sería muy bueno que participara más en clases'),
(54, 16, 1, 1, 'TOLABA GASPAR Sol Jazmin Aldana', 3, 100, 4, 'Clases de palabras.  Sustantivo, adjetivo y verbo desde el aspecto semántico, morfológico y sintáctico.', 'REGULARMENTE es responsable y comprometido. | REGULARMENTE entrega en tiempo y forma de las actividades. | REGULARMENTE se apropia y socializa los saberes. | REGULARMENTE utiliza el lenguaje específico del área. | SIEMPRE trabaja de manera colaborativa. | REGULARMENTE usa adecuadamente celulares y notebooks.', 'Ninguno', 'Logrado', 'Estudiante responsable'),
(55, 17, 1, 1, 'TRAFIANCO Naiara Jazmin', 3, 100, 5, 'Clases de palabras.  Sustantivo, adjetivo y verbo desde el aspecto semántico, morfológico y sintáctico.', 'REGULARMENTE es responsable y comprometido. | REGULARMENTE entrega en tiempo y forma de las actividades. | REGULARMENTE se apropia y socializa los saberes. | REGULARMENTE utiliza el lenguaje específico del área. | SIEMPRE trabaja de manera colaborativa. | REGULARMENTE usa adecuadamente celulares y notebooks.', 'Ninguno', 'Logrado', 'Estudiante responsable.'),
(56, 19, 1, 1, 'VELARDE Mateo Gabriel', 3, 100, 4, 'Clases de palabras.  Sustantivo, adjetivo y verbo desde el aspecto semántico, morfológico y sintáctico.', 'REGULARMENTE es responsable y comprometido. | REGULARMENTE entrega en tiempo y forma de las actividades. | REGULARMENTE se apropia y socializa los saberes. | REGULARMENTE utiliza el lenguaje específico del área. | SIEMPRE trabaja de manera colaborativa. | REGULARMENTE usa adecuadamente celulares y notebooks.', 'Ninguno', 'Logrado', 'Debe jugar menos con el celular'),
(57, 20, 1, 1, 'VELAZQUEZ Camila Emilce', 3, 100, 4, 'Clases de palabras.  Sustantivo, adjetivo y verbo desde el aspecto semántico, morfológico y sintáctico.', 'REGULARMENTE es responsable y comprometido. | REGULARMENTE entrega en tiempo y forma de las actividades. | REGULARMENTE se apropia y socializa los saberes. | REGULARMENTE utiliza el lenguaje específico del área. | SIEMPRE trabaja de manera colaborativa. | REGULARMENTE usa adecuadamente celulares y notebooks.', 'Ninguno', 'Logrado', 'Adeuda T I '),
(58, 21, 1, 2, 'VIVANCO MONTESINO Cristian Oscar', 3, 100, 4, 'Clases de palabras.  Sustantivo, adjetivo y verbo desde el aspecto semántico, morfológico y sintáctico.', 'REGULARMENTE es responsable y comprometido. | REGULARMENTE entrega en tiempo y forma de las actividades. | REGULARMENTE se apropia y socializa los saberes. | REGULARMENTE utiliza el lenguaje específico del área. | REGULARMENTE trabaja de manera colaborativa. | REGULARMENTE usa adecuadamente celulares y notebooks.', 'Ninguno', 'Logrado', ''),
(59, 2, 1, 1, 'ALMUNA Fernanda Ayelen', 4, 88, 5, 'Participación en prácticas musicales básicas.', 'SIEMPRE es responsable y comprometido. | SIEMPRE entrega en tiempo y forma de las actividades. | SIEMPRE se apropia y socializa los saberes. | SIEMPRE utiliza el lenguaje específico del área. | SIEMPRE trabaja de manera colaborativa. | SIEMPRE usa adecuadamente celulares y notebooks.', 'Ninguno', 'Logrado', 'Siempre demuestra interés y participa de las actividades'),
(60, 1, 1, 1, 'ALBORNOZ Lautaro Adrian', 4, 100, 4, 'Participación en prácticas musicales básicas.', 'REGULARMENTE es responsable y comprometido. | SIEMPRE entrega en tiempo y forma de las actividades. | SIEMPRE se apropia y socializa los saberes. | SIEMPRE utiliza el lenguaje específico del área. | SIEMPRE trabaja de manera colaborativa. | SIEMPRE usa adecuadamente celulares y notebooks.', 'Ninguno', 'Logrado', 'Participa con interés interpretando fragmentos musicales en instrumentos y cantando'),
(61, 3, 1, 1, 'BONILLAS CATA Alex Yoel', 4, 88, 5, 'Participación en prácticas musicales básicas.', 'SIEMPRE es responsable y comprometido. | SIEMPRE entrega en tiempo y forma de las actividades. | SIEMPRE se apropia y socializa los saberes. | SIEMPRE utiliza el lenguaje específico del área. | SIEMPRE trabaja de manera colaborativa. | SIEMPRE usa adecuadamente celulares y notebooks.', 'Ninguno', 'Logrado', 'Demuestra gran responsabilidad, participación e interés en todas las actividades.'),
(62, 7, 1, 1, 'FALCON Gael Benjamin', 4, 50, 3, 'Participación en prácticas musicales básicas.', 'REGULARMENTE es responsable y comprometido. | REGULARMENTE entrega en tiempo y forma de las actividades. | POCAS VECES se apropia y socializa los saberes. | REGULARMENTE utiliza el lenguaje específico del área. | REGULARMENTE trabaja de manera colaborativa. | SIEMPRE usa adecuadamente celulares y notebooks.', 'Ninguno', 'Logrado', 'Su pocas asistencia dificulta la elaboración del informe'),
(63, 11, 1, 1, 'MIRANDA Camila Anahi', 4, 88, 4, 'Participación en prácticas musicales básicas.', 'SIEMPRE es responsable y comprometido. | SIEMPRE entrega en tiempo y forma de las actividades. | SIEMPRE se apropia y socializa los saberes. | SIEMPRE utiliza el lenguaje específico del área. | SIEMPRE trabaja de manera colaborativa. | SIEMPRE usa adecuadamente celulares y notebooks.', 'Ninguno', 'Logrado', 'Buena participación en clase'),
(64, 12, 1, 1, 'MIRANDA Eugenia Edith', 4, 88, 5, 'Participación en prácticas musicales básicas.', 'SIEMPRE es responsable y comprometido. | SIEMPRE entrega en tiempo y forma de las actividades. | SIEMPRE se apropia y socializa los saberes. | SIEMPRE utiliza el lenguaje específico del área. | SIEMPRE trabaja de manera colaborativa. | SIEMPRE usa adecuadamente celulares y notebooks.', 'Ninguno', 'Logrado', 'Buena participación en clase.'),
(65, 17, 1, 1, 'TRAFIANCO Naiara Jazmin', 4, 100, 5, 'Participación en prácticas musicales básicas.', 'SIEMPRE es responsable y comprometido. | SIEMPRE entrega en tiempo y forma de las actividades. | SIEMPRE se apropia y socializa los saberes. | SIEMPRE utiliza el lenguaje específico del área. | SIEMPRE trabaja de manera colaborativa. | SIEMPRE usa adecuadamente celulares y notebooks.', 'Ninguno', 'Logrado', 'Participa de las actividades, en ocaciones se expresa cantando'),
(66, 8, 1, 1, 'FLORES Jhoan Alexander', 4, 88, 4, 'Participación en prácticas musicales básicas.', 'SIEMPRE es responsable y comprometido. | SIEMPRE entrega en tiempo y forma de las actividades. | SIEMPRE se apropia y socializa los saberes. | SIEMPRE utiliza el lenguaje específico del área. | SIEMPRE trabaja de manera colaborativa. | SIEMPRE usa adecuadamente celulares y notebooks.', 'Ninguno', 'Logrado', 'Demuestra responsabilidad en clase'),
(67, 9, 1, 1, 'FLORES Nahiara Sofia', 4, 88, 4, 'Participación en prácticas musicales básicas.', 'SIEMPRE es responsable y comprometido. | SIEMPRE entrega en tiempo y forma de las actividades. | SIEMPRE se apropia y socializa los saberes. | SIEMPRE utiliza el lenguaje específico del área. | SIEMPRE trabaja de manera colaborativa. | SIEMPRE usa adecuadamente celulares y notebooks.', 'Ninguno', 'Logrado', 'Buena participación en clase.'),
(68, 21, 1, 2, 'VIVANCO MONTESINO Cristian Oscar', 4, 100, 4, 'Participación en prácticas musicales básicas.', 'SIEMPRE es responsable y comprometido. | SIEMPRE entrega en tiempo y forma de las actividades. | SIEMPRE se apropia y socializa los saberes. | SIEMPRE utiliza el lenguaje específico del área. | SIEMPRE trabaja de manera colaborativa. | SIEMPRE usa adecuadamente celulares y notebooks.', 'Ninguno', 'Logrado', 'Participa de la clase, a veces se distrae.'),
(69, 19, 1, 1, 'VELARDE Mateo Gabriel', 4, 75, 3, 'Participación en prácticas musicales básicas.', 'REGULARMENTE es responsable y comprometido. | SIEMPRE entrega en tiempo y forma de las actividades. | SIEMPRE se apropia y socializa los saberes. | SIEMPRE utiliza el lenguaje específico del área. | SIEMPRE trabaja de manera colaborativa. | SIEMPRE usa adecuadamente celulares y notebooks.', 'Ninguno', 'Logrado', 'Participa en clase pero tambien se distrae con facilidad'),
(70, 5, 1, 1, 'CARRASCO REY Sara Celeste', 4, 100, 5, 'Participación en prácticas musicales básicas.', 'SIEMPRE es responsable y comprometido. | SIEMPRE entrega en tiempo y forma de las actividades. | SIEMPRE se apropia y socializa los saberes. | SIEMPRE utiliza el lenguaje específico del área. | SIEMPRE trabaja de manera colaborativa. | SIEMPRE usa adecuadamente celulares y notebooks.', 'Ninguno', 'Logrado', 'Buena participación y compromiso en clase'),
(71, 13, 1, 1, 'ROMERO VARGAS Liz Joscelyn', 4, 100, 5, 'Participación en prácticas musicales básicas.', 'SIEMPRE es responsable y comprometido. | SIEMPRE entrega en tiempo y forma de las actividades. | SIEMPRE se apropia y socializa los saberes. | SIEMPRE utiliza el lenguaje específico del área. | SIEMPRE trabaja de manera colaborativa. | SIEMPRE usa adecuadamente celulares y notebooks.', 'Ninguno', 'Logrado', 'Buena participación en clase'),
(72, 10, 1, 1, 'FREDES Joel Ilich', 4, 100, 5, 'Participación en prácticas musicales básicas.', 'SIEMPRE es responsable y comprometido. | SIEMPRE entrega en tiempo y forma de las actividades. | SIEMPRE se apropia y socializa los saberes. | SIEMPRE utiliza el lenguaje específico del área. | SIEMPRE trabaja de manera colaborativa. | SIEMPRE usa adecuadamente celulares y notebooks.', 'Ninguno', 'Logrado', 'Demuestra interés y participa de las clases'),
(73, 16, 1, 1, 'TOLABA GASPAR Sol Jazmin Aldana', 4, 88, 5, 'Participación en prácticas musicales básicas.', 'SIEMPRE es responsable y comprometido. | SIEMPRE entrega en tiempo y forma de las actividades. | SIEMPRE se apropia y socializa los saberes. | SIEMPRE utiliza el lenguaje específico del área. | SIEMPRE trabaja de manera colaborativa. | SIEMPRE usa adecuadamente celulares y notebooks.', 'Ninguno', 'Logrado', 'Demuestra interés y participa de las clases'),
(74, 18, 1, 1, 'VARELA ROTH Valentina Milagros', 4, 100, 4, 'Participación en prácticas musicales básicas.', 'REGULARMENTE es responsable y comprometido. | SIEMPRE entrega en tiempo y forma de las actividades. | REGULARMENTE se apropia y socializa los saberes. | SIEMPRE utiliza el lenguaje específico del área. | REGULARMENTE trabaja de manera colaborativa. | SIEMPRE usa adecuadamente celulares y notebooks.', 'Ninguno', 'Logrado', 'Participa de las actividades'),
(75, 6, 1, 1, 'DOMINGUEZ Zaira Yoseln', 4, 100, 4, 'Participación en prácticas musicales básicas.', 'SIEMPRE es responsable y comprometido. | SIEMPRE entrega en tiempo y forma de las actividades. | SIEMPRE se apropia y socializa los saberes. | SIEMPRE utiliza el lenguaje específico del área. | SIEMPRE trabaja de manera colaborativa. | SIEMPRE usa adecuadamente celulares y notebooks.', 'Ninguno', 'Logrado', 'Demuestra interés y participa de las actividades.'),
(76, 14, 1, 1, 'SAN MARTIN AVENDAO Brenda Aldana', 4, 100, 4, 'Participación en prácticas musicales básicas.', 'REGULARMENTE es responsable y comprometido. | SIEMPRE entrega en tiempo y forma de las actividades. | REGULARMENTE se apropia y socializa los saberes. | SIEMPRE utiliza el lenguaje específico del área. | REGULARMENTE trabaja de manera colaborativa. | SIEMPRE usa adecuadamente celulares y notebooks.', 'Ninguno', 'Logrado', 'Participa de las actividades propuestas.'),
(77, 4, 1, 1, 'CARRASCO AVENDAO Bautista Benjamin', 4, 100, 5, 'Participación en prácticas musicales básicas.', 'SIEMPRE es responsable y comprometido. | SIEMPRE entrega en tiempo y forma de las actividades. | SIEMPRE se apropia y socializa los saberes. | SIEMPRE utiliza el lenguaje específico del área. | SIEMPRE trabaja de manera colaborativa. | SIEMPRE usa adecuadamente celulares y notebooks.', 'Ninguno', 'Logrado', 'Buena participación en clase.'),
(78, 15, 1, 1, 'TEUQUE Ariel Geremias', 4, 100, 4, 'Participación en prácticas musicales básicas.', 'REGULARMENTE es responsable y comprometido. | SIEMPRE entrega en tiempo y forma de las actividades. | SIEMPRE se apropia y socializa los saberes. | REGULARMENTE utiliza el lenguaje específico del área. | REGULARMENTE trabaja de manera colaborativa. | SIEMPRE usa adecuadamente celulares y notebooks.', 'Ninguno', 'Logrado', 'Participa de las actividades'),
(79, 100, 2, 1, 'BEJARANO LLANOS Ester Noemi', 3, 100, 5, 'Se apropia y construye los saberes. CUENTO: análisis y comprensión lectora.   | Interpreta consignas. | Lee de manera fluida. | Realiza inferencias. | Jerarquiza información. | Realiza relectura a partir del reconocimiento de obstáculos. | ', 'SIEMPRE es responsable y comprometido. | SIEMPRE entrega en tiempo y forma de las actividades. | SIEMPRE se apropia y socializa los saberes. | SIEMPRE utiliza el lenguaje específico del área. | SIEMPRE trabaja de manera colaborativa. | SIEMPRE usa adecuadamente celulares y notebooks.', 'Ninguno', 'Logrado', 'Aborda las propuestas brindadas sin dificultad. | Produce escritos de forma coherentes y cohesionadas. '),
(80, 101, 2, 1, 'CARLOS Jose Julian', 3, 80, 0, 'Cuento: análisis y comprensión lectora. Coherencia y cohesión textual. Clases de palabras: el sustantivo.', 'REGULARMENTE es responsable y comprometido. | REGULARMENTE entrega en tiempo y forma de las actividades. | REGULARMENTE se apropia y socializa los saberes. | POCAS VECES utiliza el lenguaje específico del área. | POCAS VECES trabaja de manera colaborativa. | SIEMPRE usa adecuadamente celulares y notebooks.', 'Cuento: análisis y comprensión lectora. Coherencia y cohesión textual. Clases de palabras: el sustantivo.', 'En proceso', 'Debe completar gran parte de los trabajos. Se dispersa en clase. '),
(81, 102, 2, 1, 'CONDORI LIMA Nlida', 3, 90, 0, 'Cuento: análisis y comprensión lectora. Coherencia y cohesión textual. Clases de palabras: el sustantivo.', 'REGULARMENTE es responsable y comprometido. | REGULARMENTE entrega en tiempo y forma de las actividades. | SIEMPRE se apropia y socializa los saberes. | SIEMPRE utiliza el lenguaje específico del área. | REGULARMENTE trabaja de manera colaborativa. | REGULARMENTE usa adecuadamente celulares y notebooks.', 'Ninguno', 'Logrado', 'Aborda las propuestas brindadas sin dificultad. | Produce escritos de forma coherentes y cohesionadas.  | '),
(82, 103, 2, 1, 'CORAITE CHOQUE Yanina Yanelin', 3, 80, 0, 'Cuento: análisis y comprensión lectora. Coherencia y cohesión textual. Clases de palabras: el sustantivo.', 'POCAS VECES es responsable y comprometido. | POCAS VECES entrega en tiempo y forma de las actividades. | POCAS VECES se apropia y socializa los saberes. | REGULARMENTE utiliza el lenguaje específico del área. | NO trabaja de manera colaborativa. | NO usa adecuadamente celulares y notebooks.', 'Cuento: análisis y comprensión lectora. Coherencia y cohesión textual. ', 'En proceso', 'No logra completar las actividades en tiempo y forma. Durante las clases se dispersa haciendo mal uso del celular.'),
(83, 104, 2, 1, 'CRUZ Shaiel Luisana', 3, 100, 0, 'Cuento: análisis y comprensión lectora. Coherencia y cohesión textual. Clases de palabras: el sustantivo.', 'SIEMPRE es responsable y comprometido. | SIEMPRE entrega en tiempo y forma de las actividades. | SIEMPRE se apropia y socializa los saberes. | SIEMPRE utiliza el lenguaje específico del área. | SIEMPRE trabaja de manera colaborativa. | SIEMPRE usa adecuadamente celulares y notebooks.', 'Ninguno', 'Logrado', 'Aborda las propuestas brindadas sin dificultad. | Produce escritos de forma coherentes y cohesionadas.  | '),
(84, 105, 2, 1, 'CUENCA CANO Kristen Janneht', 3, 90, 4, 'Cuento: análisis y comprensión lectora. Coherencia y cohesión textual. Clases de palabras: el sustantivo.', 'SIEMPRE es responsable y comprometido. | SIEMPRE entrega en tiempo y forma de las actividades. | SIEMPRE se apropia y socializa los saberes. | SIEMPRE utiliza el lenguaje específico del área. | SIEMPRE trabaja de manera colaborativa. | REGULARMENTE usa adecuadamente celulares y notebooks.', 'Ninguno', 'Logrado', 'Aborda las propuestas brindadas sin dificultad. | Produce escritos de forma coherentes y cohesionadas.  | Se dispersa fácilmente.');
INSERT INTO `registros` (`id_registro`, `id_estudiante`, `turno`, `anio`, `nombre`, `area`, `asistencia`, `participacion`, `proceso`, `criterios`, `fortalecer`, `trayectoria`, `observaciones`) VALUES
(85, 106, 2, 1, 'ESPINOSA Nancy Fabiola', 3, 90, 4, 'Cuento: análisis y comprensión lectora. Coherencia y cohesión textual. Clases de palabras: el sustantivo.', 'SIEMPRE es responsable y comprometido. | SIEMPRE entrega en tiempo y forma de las actividades. | SIEMPRE se apropia y socializa los saberes. | SIEMPRE utiliza el lenguaje específico del área. | SIEMPRE trabaja de manera colaborativa. | SIEMPRE usa adecuadamente celulares y notebooks.', 'Ninguno', 'Logrado', 'Aborda las propuestas brindadas sin dificultad. | Produce escritos de forma coherentes y cohesionadas.  | '),
(86, 107, 2, 1, 'FLORES CARVAJAL Aylen Mariela', 3, 100, 0, 'Cuento: análisis y comprensión lectora. Coherencia y cohesión textual. Clases de palabras: el sustantivo.', 'SIEMPRE es responsable y comprometido. | SIEMPRE entrega en tiempo y forma de las actividades. | SIEMPRE se apropia y socializa los saberes. | SIEMPRE utiliza el lenguaje específico del área. | SIEMPRE trabaja de manera colaborativa. | POCAS VECES usa adecuadamente celulares y notebooks.', 'Ninguno', 'Logrado', 'Aborda las propuestas brindadas sin dificultad. | Produce escritos de forma coherentes y cohesionadas.  | Se dispersa haciendo mal uso del celular.'),
(87, 108, 2, 1, 'FRANCO MONGE Mario Abel', 3, 90, 0, 'Cuento: análisis y comprensión lectora. Coherencia y cohesión textual. Clases de palabras: el sustantivo.', 'POCAS VECES es responsable y comprometido. | POCAS VECES entrega en tiempo y forma de las actividades. | POCAS VECES se apropia y socializa los saberes. | POCAS VECES utiliza el lenguaje específico del área. | POCAS VECES trabaja de manera colaborativa. | SIEMPRE usa adecuadamente celulares y notebooks.', 'Cuento: análisis y comprensión lectora. Coherencia y cohesión textual.', 'En proceso', 'No logra culminar las propuestas de trabajo. Se dispersa con facilidad.'),
(88, 109, 2, 1, 'GIL CALVO Jovana Ayelen', 3, 75, 3, 'Cuento: análisis y comprensión lectora. Coherencia y cohesión textual. Clases de palabras: el sustantivo.', 'SIEMPRE es responsable y comprometido. | SIEMPRE entrega en tiempo y forma de las actividades. | SIEMPRE se apropia y socializa los saberes. | SIEMPRE utiliza el lenguaje específico del área. | SIEMPRE trabaja de manera colaborativa. | SIEMPRE usa adecuadamente celulares y notebooks.', 'Ninguno', 'Logrado', 'Aborda las propuestas brindadas sin dificultad. | Produce escritos de forma coherentes y cohesionadas.  | '),
(89, 110, 2, 1, 'MANSILLA Aldana Valentina', 3, 90, 0, 'Cuento: análisis y comprensión lectora. Coherencia y cohesión textual. Clases de palabras: el sustantivo.', 'REGULARMENTE es responsable y comprometido. | REGULARMENTE entrega en tiempo y forma de las actividades. | REGULARMENTE se apropia y socializa los saberes. | REGULARMENTE utiliza el lenguaje específico del área. | REGULARMENTE trabaja de manera colaborativa. | POCAS VECES usa adecuadamente celulares y notebooks.', 'Ninguno', 'Logrado', 'Aborda las propuestas brindadas sin dificultad. | Produce escritos de forma coherentes y cohesionadas.  | Se dispersa haciendo mal uso del celular.'),
(90, 111, 2, 1, 'MARTINEZ SUVIA Rita Florencia', 3, 90, 5, 'Cuento: análisis y comprensión lectora. Coherencia y cohesión textual. Clases de palabras: el sustantivo.', 'SIEMPRE es responsable y comprometido. | SIEMPRE entrega en tiempo y forma de las actividades. | SIEMPRE se apropia y socializa los saberes. | SIEMPRE utiliza el lenguaje específico del área. | SIEMPRE trabaja de manera colaborativa. | POCAS VECES usa adecuadamente celulares y notebooks.', 'Ninguno', 'Logrado', 'Aborda las propuestas brindadas sin dificultad. | Produce escritos de forma coherentes y cohesionadas.  | Se dispersa fácilmente. '),
(91, 112, 2, 1, 'OCAMPO MARTINEZ Leonel Bladimir', 3, 100, 0, 'Cuento: análisis y comprensión lectora. Coherencia y cohesión textual. Clases de palabras: el sustantivo.', 'SIEMPRE es responsable y comprometido. | REGULARMENTE entrega en tiempo y forma de las actividades. | SIEMPRE se apropia y socializa los saberes. | SIEMPRE utiliza el lenguaje específico del área. | SIEMPRE trabaja de manera colaborativa. | SIEMPRE usa adecuadamente celulares y notebooks.', 'Ninguno', 'Logrado', 'Aborda las propuestas brindadas sin dificultad. | Produce escritos de forma coherentes y cohesionadas.  | '),
(92, 113, 2, 1, 'RODRIGUEZ Ludmila Sara', 3, 90, 0, 'Cuento: análisis y comprensión lectora. Coherencia y cohesión textual. Clases de palabras: el sustantivo.', 'SIEMPRE es responsable y comprometido. | SIEMPRE entrega en tiempo y forma de las actividades. | SIEMPRE se apropia y socializa los saberes. | SIEMPRE utiliza el lenguaje específico del área. | SIEMPRE trabaja de manera colaborativa. | SIEMPRE usa adecuadamente celulares y notebooks.', 'Ninguno', 'Logrado', 'Aborda las propuestas brindadas sin dificultad. | Produce escritos de forma coherentes y cohesionadas.  | '),
(93, 114, 2, 1, 'ROJAS Janet Alejandra Lourdes', 3, 80, 4, 'Cuento: análisis y comprensión lectora. Coherencia y cohesión textual. Clases de palabras: el sustantivo.', 'SIEMPRE es responsable y comprometido. | SIEMPRE entrega en tiempo y forma de las actividades. | SIEMPRE se apropia y socializa los saberes. | SIEMPRE utiliza el lenguaje específico del área. | SIEMPRE trabaja de manera colaborativa. | POCAS VECES usa adecuadamente celulares y notebooks.', 'Ninguno', 'Logrado', 'Aborda las propuestas brindadas sin dificultad. | Produce escritos de forma coherentes y cohesionadas.  | Se dispersa fácilmente.'),
(94, 115, 2, 1, 'ROMERO LEPEZ Fabio Aurelio', 3, 90, 0, 'Cuento: análisis y comprensión lectora. Coherencia y cohesión textual. Clases de palabras: el sustantivo.', 'REGULARMENTE es responsable y comprometido. | POCAS VECES entrega en tiempo y forma de las actividades. | REGULARMENTE se apropia y socializa los saberes. | REGULARMENTE utiliza el lenguaje específico del área. | REGULARMENTE trabaja de manera colaborativa. | SIEMPRE usa adecuadamente celulares y notebooks.', 'Cuento: análisis y comprensión lectora. Coherencia y cohesión textual.', 'En proceso', 'Aborda las propuestas brindadas sin dificultad pero no logra culminar las propuestas de trabajo. Se dispersa fácilmente.'),
(95, 116, 2, 1, 'SALDAA Leila Lucinda', 3, 90, 0, 'Cuento: análisis y comprensión lectora. Coherencia y cohesión textual. Clases de palabras: el sustantivo.', 'REGULARMENTE es responsable y comprometido. | REGULARMENTE entrega en tiempo y forma de las actividades. | REGULARMENTE se apropia y socializa los saberes. | REGULARMENTE utiliza el lenguaje específico del área. | REGULARMENTE trabaja de manera colaborativa. | REGULARMENTE usa adecuadamente celulares y notebooks.', 'Ninguno', 'Logrado', 'Aborda las propuestas brindadas sin dificultad. Produce escritos de forma coherentes y cohesionadas. '),
(96, 117, 2, 1, 'SILVA Franco Ezequiel', 3, 90, 0, 'Cuento: análisis y comprensión lectora. Coherencia y cohesión textual. Lectura fluida. Clases de palabras: el sustantivo.', 'NO es responsable y comprometido. | NO entrega en tiempo y forma de las actividades. | POCAS VECES se apropia y socializa los saberes. | POCAS VECES utiliza el lenguaje específico del área. | NO trabaja de manera colaborativa. | POCAS VECES usa adecuadamente celulares y notebooks.', 'Cuento: análisis y comprensión lectora. Coherencia y cohesión textual. Lectura fluida. Clases de palabras: el sustantivo.', 'En proceso', 'No logra culminar las propuestas de trabajo. Se dispersa con facilidad.  '),
(97, 118, 2, 1, 'VILCA Brayan Guillermo', 3, 90, 0, 'Cuento: análisis y comprensión lectora. Coherencia y cohesión textual. Clases de palabras: el sustantivo. Lectura fluida. ', 'POCAS VECES es responsable y comprometido. | POCAS VECES entrega en tiempo y forma de las actividades. | REGULARMENTE se apropia y socializa los saberes. | REGULARMENTE utiliza el lenguaje específico del área. | REGULARMENTE trabaja de manera colaborativa. | SIEMPRE usa adecuadamente celulares y notebooks.', 'Ninguno', 'Logrado', 'Aborda las propuestas brindadas sin dificultad. | Produce escritos de forma coherentes y cohesionadas.  | Se dispersa con facilidad.  | '),
(98, 119, 2, 1, 'VILLABLANCA Leandro Gaston', 3, 75, 0, 'Cuento: análisis y comprensión lectora. Coherencia y cohesión textual. Clases de palabras: el sustantivo. Lectura fluida. ', 'POCAS VECES es responsable y comprometido. | POCAS VECES entrega en tiempo y forma de las actividades. | POCAS VECES se apropia y socializa los saberes. | POCAS VECES utiliza el lenguaje específico del área. | POCAS VECES trabaja de manera colaborativa. | SIEMPRE usa adecuadamente celulares y notebooks.', 'Cuento: análisis y comprensión lectora. Coherencia y cohesión textual.  Lectura fluida. ', 'En proceso', 'No logra apropiarse de los saberes y completar las actividades en tiempo y forma. Durante las clases  se dispersa con facilidad.'),
(99, 43, 1, 3, 'BONILLA CATA Rebeca', 4, 90, 5, 'La investigación de distintas capacidades corporales para la sensibilización y reconocimiento de sus posibilidades expresivas. .Géneros musicales donde se exprese de manifiesto la improvisación.La improvisación como forma de composición espontánea.', 'SIEMPRE es responsable y comprometido. | SIEMPRE entrega en tiempo y forma de las actividades. | SIEMPRE se apropia y socializa los saberes. | SIEMPRE utiliza el lenguaje específico del área. | SIEMPRE trabaja de manera colaborativa. | SIEMPRE usa adecuadamente celulares y notebooks.', 'Ninguno', 'En proceso', ''),
(100, 100, 2, 1, 'BEJARANO LLANOS Ester Noemi', 2, 100, 5, 'Divisibilidad. Múltiplos y divisores. M.C.M. y D.C.M.   | Números enteros. Orden y representación en la recta numérica. Suma, resta, multiplicación y división. Reglas de signos. Operaciones  combinadas. Orden de jerarquía. Potenciación. Propiedades.', 'SIEMPRE es responsable y comprometido. | SIEMPRE entrega en tiempo y forma de las actividades. | SIEMPRE se apropia y socializa los saberes. | SIEMPRE utiliza el lenguaje específico del área. | SIEMPRE trabaja de manera colaborativa. | SIEMPRE usa adecuadamente celulares y notebooks.', 'Ninguno', 'Logrado', '¡Excelente! ¡Seguí así!'),
(101, 103, 2, 1, 'CORAITE CHOQUE Yanina Yanelin', 2, 88, 0, 'Divisibilidad. Múltiplos y divisores. M.C.M. y D.C.M. Números enteros. Orden y representación en la recta numérica. Suma, resta, multiplicación y división. Reglas de signos. Operaciones  combinadas. Orden de jerarquía. Propiedades de la potenciación.', 'POCAS VECES es responsable y comprometido. | NO entrega en tiempo y forma de las actividades. | NO se apropia y socializa los saberes. | NO utiliza el lenguaje específico del área. | POCAS VECES trabaja de manera colaborativa. | REGULARMENTE usa adecuadamente celulares y notebooks.', 'Divisibilidad. Múltiplos y divisores. M.C.M. y D.C.M. Números enteros. Orden y representación en la recta numérica. Suma, resta, multiplicación y división. Reglas de signos. Operaciones  combinadas. Orden de jerarquía. Propiedades de la potenciación.', 'En proceso', 'Debe participar e involucrarse más. Tiene dificultades de interpretación. Se dispersa fácilmente. Asiste a clases de apoyo a contra turno.'),
(102, 105, 2, 1, 'CUENCA CANO Kristen Janneht', 2, 100, 4, 'Divisibilidad. Múltiplos y divisores. M.C.M. y D.C.M. Números enteros. Orden y representación en la recta numérica. Suma, resta, multiplicación y división. Reglas de signos. Operaciones  combinadas. Orden de jerarquía. Propiedades de la potenciación.', 'POCAS VECES es responsable y comprometido. | NO entrega en tiempo y forma de las actividades. | POCAS VECES se apropia y socializa los saberes. | POCAS VECES utiliza el lenguaje específico del área. | REGULARMENTE trabaja de manera colaborativa. | POCAS VECES usa adecuadamente celulares y notebooks.', 'Números enteros. Orden y representación en la recta numérica. Suma, resta, multiplicación y división. Reglas de signos. Operaciones  combinadas. Orden de jerarquía. Propiedades de la potenciación.', 'En proceso', 'Conversar menos. Entregar a tiempo actividades.Tiene dificultad para interpretar consignas. No utilizar el celular en clases.Asiste a clases de apoyo'),
(103, 101, 2, 1, 'CARLOS Jose Julian', 2, 71, 0, 'Divisibilidad. Múltiplos y divisores. M.C.M. y D.C.M.  Números enteros. Orden y representación en la recta numérica. Suma, resta, multiplicación y división. Reglas de signos. Operaciones  combinadas. Orden de jerarquía. Potenciación. Propiedades.', 'NO es responsable y comprometido. | NO entrega en tiempo y forma de las actividades. | NO se apropia y socializa los saberes. | NO utiliza el lenguaje específico del área. | NO trabaja de manera colaborativa. | NO usa adecuadamente celulares y notebooks.', 'Divisibilidad. Múltiplos y divisores. M.C.M. y D.C.M.  Números enteros. Orden y representación en la recta numérica. Suma, resta, multiplicación y división. Reglas de signos. Operaciones  combinadas. Orden de jerarquía. Potenciación. Propiedades.', 'En proceso', 'Tiene dificultades para transcribir conceptos a la carpeta en tiempo y forma y para interpretar consignas. Debe completar carpeta.'),
(104, 102, 2, 1, 'CONDORI LIMA Nlida', 2, 86, 1, 'Divisibilidad. Múltiplos y divisores. M.C.M. y D.C.M.  Números enteros. Orden y representación en la recta numérica. Suma, resta, multiplicación y división. Reglas de signos. Operaciones  combinadas. Orden de jerarquía. Potenciación. Propiedades.', 'REGULARMENTE es responsable y comprometido. | REGULARMENTE entrega en tiempo y forma de las actividades. | POCAS VECES se apropia y socializa los saberes. | POCAS VECES utiliza el lenguaje específico del área. | POCAS VECES trabaja de manera colaborativa. | REGULARMENTE usa adecuadamente celulares y notebooks.', ' Suma, resta, multiplicación y división. Reglas de signos. Operaciones  combinadas. Orden de jerarquía. Potenciación. Propiedades.', 'En proceso', 'Debe participar más. Puede mejorar.'),
(105, 104, 2, 1, 'CRUZ Shaiel Luisana', 2, 100, 4, 'Divisibilidad. Múltiplos y divisores. M.C.M. y D.C.M.  Números enteros. Orden y representación en la recta numérica. Suma, resta, multiplicación y división. Reglas de signos. Operaciones  combinadas. Orden de jerarquía. Potenciación. Propiedades.', 'SIEMPRE es responsable y comprometido. | SIEMPRE entrega en tiempo y forma de las actividades. | REGULARMENTE se apropia y socializa los saberes. | REGULARMENTE utiliza el lenguaje específico del área. | REGULARMENTE trabaja de manera colaborativa. | REGULARMENTE usa adecuadamente celulares y notebooks.', 'Ninguno', 'Logrado', 'Trabaja muy bien, podría conversar menos.'),
(106, 106, 2, 1, 'ESPINOSA Nancy Fabiola', 2, 100, 4, 'Divisibilidad. Múltiplos y divisores. M.C.M. y D.C.M.  Números enteros. Orden y representación en la recta numérica. Suma, resta, multiplicación y división. Reglas de signos. Operaciones  combinadas. Orden de jerarquía. Potenciación. Propiedades.', 'SIEMPRE es responsable y comprometido. | SIEMPRE entrega en tiempo y forma de las actividades. | SIEMPRE se apropia y socializa los saberes. | REGULARMENTE utiliza el lenguaje específico del área. | REGULARMENTE trabaja de manera colaborativa. | REGULARMENTE usa adecuadamente celulares y notebooks.', 'Ninguno', 'Logrado', 'Buen desempeño, puede conversar menos'),
(107, 107, 2, 1, 'FLORES CARVAJAL Aylen Mariela', 2, 88, 2, 'Divisibilidad. Múltiplos y divisores. M.C.M. y D.C.M.  Números enteros. Orden y representación en la recta numérica. Suma, resta, multiplicación y división. Reglas de signos. Operaciones  combinadas. Orden de jerarquía. Potenciación. Propiedades.', 'REGULARMENTE es responsable y comprometido. | REGULARMENTE entrega en tiempo y forma de las actividades. | REGULARMENTE se apropia y socializa los saberes. | REGULARMENTE utiliza el lenguaje específico del área. | REGULARMENTE trabaja de manera colaborativa. | SIEMPRE usa adecuadamente celulares y notebooks.', 'Ninguno', 'Logrado', 'Buen desempeño, podria mejorar. Debe participar más.'),
(108, 108, 2, 1, 'FRANCO MONGE Mario Abel', 2, 88, 5, 'Divisibilidad. Múltiplos y divisores. M.C.M. y D.C.M.  Números enteros. Orden y representación en la recta numérica. Suma, resta, multiplicación y división. Reglas de signos. Operaciones  combinadas. Orden de jerarquía. Potenciación. Propiedades.', 'SIEMPRE es responsable y comprometido. | SIEMPRE entrega en tiempo y forma de las actividades. | SIEMPRE se apropia y socializa los saberes. | SIEMPRE utiliza el lenguaje específico del área. | SIEMPRE trabaja de manera colaborativa. | REGULARMENTE usa adecuadamente celulares y notebooks.', 'Ninguno', 'Logrado', 'Muy buen desempeño. ¡Seguí asi!'),
(109, 110, 2, 1, 'MANSILLA Aldana Valentina', 2, 100, 2, 'Divisibilidad. Múltiplos y divisores. M.C.M. y D.C.M.  Números enteros. Orden y representación en la recta numérica. Suma, resta, multiplicación y división. Reglas de signos. Operaciones  combinadas. Orden de jerarquía. Potenciación. Propiedades.', 'REGULARMENTE es responsable y comprometido. | REGULARMENTE entrega en tiempo y forma de las actividades. | POCAS VECES se apropia y socializa los saberes. | POCAS VECES utiliza el lenguaje específico del área. | REGULARMENTE trabaja de manera colaborativa. | POCAS VECES usa adecuadamente celulares y notebooks.', 'Operaciones  combinadas. Orden de jerarquía. Potenciación. Propiedades.', 'En proceso', 'Tiene predisposición para trabajar, pero conversa mucho. No utilizar el celular en clases. Asiste a clases de apoyo'),
(110, 111, 2, 1, 'MARTINEZ SUVIA Rita Florencia', 2, 100, 5, 'Divisibilidad. Múltiplos y divisores. M.C.M. y D.C.M.  Números enteros. Orden y representación en la recta numérica. Suma, resta, multiplicación y división. Reglas de signos. Operaciones  combinadas. Orden de jerarquía. Potenciación. Propiedades.', 'SIEMPRE es responsable y comprometido. | SIEMPRE entrega en tiempo y forma de las actividades. | SIEMPRE se apropia y socializa los saberes. | REGULARMENTE utiliza el lenguaje específico del área. | REGULARMENTE trabaja de manera colaborativa. | REGULARMENTE usa adecuadamente celulares y notebooks.', 'Ninguno', 'Logrado', 'Buen desempeño, podría conversar menos'),
(111, 137, 2, 3, 'AGUERO HUENCHUN Horacio Emanuel', 3, 80, 4, 'Cuento: análisis y comprensión. Coherencia y cohesión. Lectura. | Microrrelato. Géneros ficción y no ficción. Taller: la comunicación y sus elementos. Medios de Comunicación Masiva: historia de la prensa escrita, la radio, la televisión e internet. | ', 'POCAS VECES es responsable y comprometido. | NO entrega en tiempo y forma de las actividades. | REGULARMENTE se apropia y socializa los saberes. | REGULARMENTE utiliza el lenguaje específico del área. | NO trabaja de manera colaborativa. | POCAS VECES usa adecuadamente celulares y notebooks.', 'Ninguno', 'En proceso', 'Lee y comprende las actividades planteadas. Consulta al docente, sin embargo, no logra culminar las propuestas de trabajo.'),
(112, 138, 2, 3, 'BURGOS YEVARA Yamila Rianet', 3, 100, 5, 'Cuento: análisis y comprensión. Coherencia y cohesión. Lectura. | Microrrelato. Géneros ficción y no ficción. Taller: la comunicación y sus elementos. Medios de Comunicación Masiva: historia de la prensa escrita, la radio, la televisión e internet. | ', 'SIEMPRE es responsable y comprometido. | SIEMPRE entrega en tiempo y forma de las actividades. | SIEMPRE se apropia y socializa los saberes. | SIEMPRE utiliza el lenguaje específico del área. | SIEMPRE trabaja de manera colaborativa. | SIEMPRE usa adecuadamente celulares y notebooks.', 'Ninguno', 'Logrado', 'Aborda las propuestas brindadas sin dificultad. | Produce escritos de forma coherentes y cohesionadas.  | Se expresa oralmente sin dificultad. | '),
(113, 139, 2, 3, 'CABANA Janet Isabel', 3, 100, 0, 'Cuento: análisis y comprensión. Coherencia y cohesión. Lectura. | Microrrelato. Géneros ficción y no ficción. Taller: la comunicación y sus elementos. Medios de Comunicación Masiva: historia de la prensa escrita, la radio, la televisión e internet. | ', 'SIEMPRE es responsable y comprometido. | SIEMPRE entrega en tiempo y forma de las actividades. | SIEMPRE se apropia y socializa los saberes. | SIEMPRE utiliza el lenguaje específico del área. | SIEMPRE trabaja de manera colaborativa. | SIEMPRE usa adecuadamente celulares y notebooks.', 'Ninguno', 'Logrado', 'Aborda las propuestas brindadas sin dificultad. | Produce escritos de forma coherentes y cohesionadas.  |  | '),
(114, 140, 2, 3, 'CHOQUE Henry Jonas', 3, 80, 4, 'Cuento: análisis y comprensión. Coherencia y cohesión. Lectura. | Microrrelato. Géneros ficción y no ficción. Taller: la comunicación y sus elementos. Medios de Comunicación Masiva: historia de la prensa escrita, la radio, la televisión e internet. | ', 'SIEMPRE es responsable y comprometido. | REGULARMENTE entrega en tiempo y forma de las actividades. | REGULARMENTE se apropia y socializa los saberes. | REGULARMENTE utiliza el lenguaje específico del área. | SIEMPRE trabaja de manera colaborativa. | SIEMPRE usa adecuadamente celulares y notebooks.', 'Coherencia y cohesión.', 'En proceso', 'Trabaja y muestra interés en las propuestas. Debe esforzarse mas en la redacción utilizando  correctamente la ortografía, acentuación y puntuación.   '),
(115, 141, 2, 3, 'CONDORI LIMA Evelyn', 3, 90, 0, 'Cuento: análisis y comprensión. Coherencia y cohesión. Lectura. | Microrrelato. Géneros ficción y no ficción. Taller: la comunicación y sus elementos. Medios de Comunicación Masiva: historia de la prensa escrita, la radio, la televisión e internet. | ', 'SIEMPRE es responsable y comprometido. | SIEMPRE entrega en tiempo y forma de las actividades. | SIEMPRE se apropia y socializa los saberes. | SIEMPRE utiliza el lenguaje específico del área. | SIEMPRE trabaja de manera colaborativa. | SIEMPRE usa adecuadamente celulares y notebooks.', 'Ninguno', 'Logrado', 'Aborda las propuestas brindadas sin dificultad. | Produce escritos de forma coherentes y cohesionadas.  | '),
(116, 142, 2, 3, 'ESPINOSA Claudelina Marlene', 3, 100, 0, 'Cuento: análisis y comprensión. Coherencia y cohesión. Lectura. | Microrrelato. Géneros ficción y no ficción. Taller: la comunicación y sus elementos. Medios de Comunicación Masiva: historia de la prensa escrita, la radio, la televisión e internet. | ', 'SIEMPRE es responsable y comprometido. | SIEMPRE entrega en tiempo y forma de las actividades. | SIEMPRE se apropia y socializa los saberes. | SIEMPRE utiliza el lenguaje específico del área. | SIEMPRE trabaja de manera colaborativa. | SIEMPRE usa adecuadamente celulares y notebooks.', 'Ninguno', 'Logrado', 'Aborda las propuestas brindadas sin dificultad. | Produce escritos de forma coherentes y cohesionadas.  | '),
(117, 143, 2, 3, 'ESPONDA Lautaro Andres', 3, 90, 0, 'Cuento: análisis y comprensión. Coherencia y cohesión. Lectura. | Microrrelato. Géneros ficción y no ficción. Taller: la comunicación y sus elementos. Medios de Comunicación Masiva: historia de la prensa escrita, la radio, la televisión e internet. | ', 'NO es responsable y comprometido. | NO entrega en tiempo y forma de las actividades. | NO se apropia y socializa los saberes. | NO utiliza el lenguaje específico del área. | NO trabaja de manera colaborativa. | NO usa adecuadamente celulares y notebooks.', 'Cuento: análisis y comprensión. Coherencia y cohesión. Lectura. | Microrrelato. Géneros ficción y no ficción. Taller: la comunicación y sus elementos. Medios de Comunicación Masiva: historia de la prensa escrita, la radio, la televisión e internet.', 'En proceso', 'Debe completar la totalidad de los trabajos. Se dispersa haciendo mal uso del celular. Demuestra falta de interés en las propuestas planteadas.  '),
(118, 144, 2, 3, 'FARFAN Sebastian', 3, 100, 3, 'Cuento: análisis y comprensión. Coherencia y cohesión. Lectura. | Microrrelato. Géneros ficción y no ficción. Taller: la comunicación y sus elementos. Medios de Comunicación Masiva: historia de la prensa escrita, la radio, la televisión e internet. | ', 'POCAS VECES es responsable y comprometido. | POCAS VECES entrega en tiempo y forma de las actividades. | POCAS VECES se apropia y socializa los saberes. | POCAS VECES utiliza el lenguaje específico del área. | POCAS VECES trabaja de manera colaborativa. | POCAS VECES usa adecuadamente celulares y notebooks.', 'Microrrelato. Géneros ficción y no ficción. ', 'En proceso', 'Aborda las propuestas sin dificultad. | Produce escritos coherentes y cohesionadas.  | Consulta al docente, sin embargo, no logra culminar las propuestas.'),
(119, 145, 2, 3, 'LILLO Denzel Miyael', 3, 90, 0, 'Cuento: análisis y comprensión. Coherencia y cohesión. Lectura. | Microrrelato. Géneros ficción y no ficción. Taller: la comunicación y sus elementos. Medios de Comunicación Masiva: historia de la prensa escrita, la radio, la televisión e internet. | ', 'NO es responsable y comprometido. | NO entrega en tiempo y forma de las actividades. | NO se apropia y socializa los saberes. | NO utiliza el lenguaje específico del área. | NO trabaja de manera colaborativa. | NO usa adecuadamente celulares y notebooks.', 'Cuento: análisis y comprensión. Coherencia y cohesión. Lectura. | Microrrelato. Géneros ficción y no ficción. Taller: la comunicación y sus elementos. Medios de Comunicación Masiva: historia de la prensa escrita, la radio, la televisión e internet. | ', 'En proceso', 'Debe completar la totalidad de los trabajos. No consulta al docente. Se dispersa haciendo mal uso del celular.'),
(120, 146, 2, 3, 'OCAMPO MARTINEZ Fernando Dario', 3, 90, 0, 'Cuento: análisis y comprensión. Coherencia y cohesión. Lectura. | Microrrelato. Géneros ficción y no ficción. Taller: la comunicación y sus elementos. Medios de Comunicación Masiva: historia de la prensa escrita, la radio, la televisión e internet. | ', 'POCAS VECES es responsable y comprometido. | POCAS VECES entrega en tiempo y forma de las actividades. | POCAS VECES se apropia y socializa los saberes. | POCAS VECES utiliza el lenguaje específico del área. | POCAS VECES trabaja de manera colaborativa. | NO usa adecuadamente celulares y notebooks.', 'Lectura. Cuento: análisis y comprensión. Microrrelato. Géneros ficción y no ficción.', 'En proceso', 'Consulta al docente, sin embargo, no logra culminar las propuestas. Durante las clases del taller se dispersa haciendo mal uso del celular.'),
(121, 147, 2, 3, 'QUISPE QUIROGA Jennifer Candela', 3, 75, 0, 'Cuento: análisis y comprensión. Coherencia y cohesión. Lectura. | Microrrelato. Géneros ficción y no ficción. Taller: la comunicación y sus elementos. Medios de Comunicación Masiva: historia de la prensa escrita, la radio, la televisión e internet. | ', 'REGULARMENTE es responsable y comprometido. | REGULARMENTE entrega en tiempo y forma de las actividades. | REGULARMENTE se apropia y socializa los saberes. | REGULARMENTE utiliza el lenguaje específico del área. | REGULARMENTE trabaja de manera colaborativa. | SIEMPRE usa adecuadamente celulares y notebooks.', 'Ninguno', 'Logrado', 'Aborda las propuestas brindadas sin dificultad. | Produce escritos de forma coherentes y cohesionadas.  | '),
(122, 148, 2, 3, 'RAMOS Antonella Sael', 3, 100, 5, 'Cuento: análisis y comprensión. Coherencia y cohesión. Lectura. | Microrrelato. Géneros ficción y no ficción. Taller: la comunicación y sus elementos. Medios de Comunicación Masiva: historia de la prensa escrita, la radio, la televisión e internet. |  | ', 'SIEMPRE es responsable y comprometido. | SIEMPRE entrega en tiempo y forma de las actividades. | SIEMPRE se apropia y socializa los saberes. | SIEMPRE utiliza el lenguaje específico del área. | SIEMPRE trabaja de manera colaborativa. | SIEMPRE usa adecuadamente celulares y notebooks.', 'Ninguno', 'Logrado', 'Aborda las propuestas brindadas sin dificultad. | Produce escritos de forma coherentes y cohesionadas.  |  | '),
(123, 149, 2, 3, 'ROMERO LEPEZ Gonzalo Ezequiel', 3, 80, 0, 'Cuento: análisis y comprensión. Coherencia y cohesión. Lectura. | Microrrelato. Géneros ficción y no ficción. Taller: la comunicación y sus elementos. Medios de Comunicación Masiva: historia de la prensa escrita, la radio, la televisión e internet. |  | ', 'NO es responsable y comprometido. | NO entrega en tiempo y forma de las actividades. | NO se apropia y socializa los saberes. | NO utiliza el lenguaje específico del área. | NO trabaja de manera colaborativa. | NO usa adecuadamente celulares y notebooks.', 'Cuento: análisis y comprensión. Coherencia y cohesión. Lectura. | Microrrelato. Géneros ficción y no ficción. Taller: la comunicación y sus elementos. Medios de Comunicación Masiva: historia de la prensa escrita, la radio, la televisión e internet. | ', 'En proceso', 'Debe completar la totalidad de trabajos. No consulta al docente y tampoco logra apropiarse de los saberes. Se dispersa haciendo mal uso del celular.'),
(124, 150, 2, 3, 'TIRANO AVILA Lisandro Alex', 3, 80, 4, 'Cuento: análisis y comprensión. Coherencia y cohesión. Lectura. | Microrrelato. Géneros ficción y no ficción. Taller: la comunicación y sus elementos. Medios de Comunicación Masiva: historia de la prensa escrita, la radio, la televisión e internet. | ', 'REGULARMENTE es responsable y comprometido. | REGULARMENTE entrega en tiempo y forma de las actividades. | REGULARMENTE se apropia y socializa los saberes. | REGULARMENTE utiliza el lenguaje específico del área. | REGULARMENTE trabaja de manera colaborativa. | POCAS VECES usa adecuadamente celulares y notebooks.', 'Ninguno', 'Logrado', 'Aborda las propuestas brindadas sin dificultad. | Produce escritos de forma coherentes y cohesionadas.  | Se dispersa haciendo mal uso del celular.'),
(125, 151, 2, 3, 'VELAZQUEZ Blas Gerardo', 3, 100, 3, 'Cuento: análisis y comprensión. Coherencia y cohesión. Lectura. | Microrrelato. Géneros ficción y no ficción. Taller: la comunicación y sus elementos. Medios de Comunicación Masiva: historia de la prensa escrita, la radio, la televisión e internet. | ', 'SIEMPRE es responsable y comprometido. | SIEMPRE entrega en tiempo y forma de las actividades. | SIEMPRE se apropia y socializa los saberes. | SIEMPRE utiliza el lenguaje específico del área. | SIEMPRE trabaja de manera colaborativa. | SIEMPRE usa adecuadamente celulares y notebooks.', 'Ninguno', 'Logrado', 'Aborda las propuestas sin dificultad. | Produce escritos coherentes y cohesionados.  | Debe utilizar correctamente la ortografía y acentuación.   '),
(126, 152, 2, 3, 'VISCARDI Lucas Gabriel', 3, 80, 0, 'Cuento: análisis y comprensión. Coherencia y cohesión. Lectura. | Microrrelato. Géneros ficción y no ficción. Taller: la comunicación y sus elementos. Medios de Comunicación Masiva: historia de la prensa escrita, la radio, la televisión e internet. | ', 'REGULARMENTE es responsable y comprometido. | REGULARMENTE entrega en tiempo y forma de las actividades. | SIEMPRE se apropia y socializa los saberes. | SIEMPRE utiliza el lenguaje específico del área. | SIEMPRE trabaja de manera colaborativa. | POCAS VECES usa adecuadamente celulares y notebooks.', 'Ninguno', 'Logrado', 'Aborda las propuestas brindadas sin dificultad. | Produce escritos de forma coherentes y cohesionadas.  | Se dispersa haciendo mal uso del celular.'),
(127, 153, 2, 3, 'ZAGAL Emanuel Giezi', 3, 75, 0, 'Cuento: análisis y comprensión. Coherencia y cohesión. Lectura. | Microrrelato. Géneros ficción y no ficción. Taller: la comunicación y sus elementos. Medios de Comunicación Masiva: historia de la prensa escrita, la radio, la televisión e internet. | ', 'POCAS VECES es responsable y comprometido. | NO entrega en tiempo y forma de las actividades. | NO se apropia y socializa los saberes. | NO utiliza el lenguaje específico del área. | POCAS VECES trabaja de manera colaborativa. | REGULARMENTE usa adecuadamente celulares y notebooks.', 'Cuento: análisis y comprensión. Coherencia y cohesión. Lectura. | Microrrelato. Géneros ficción y no ficción. Taller: la comunicación y sus elementos. Medios de Comunicación Masiva: historia de la prensa escrita, la radio, la televisión e internet.', 'En proceso', 'Debe completar la totalidad de los trabajos. No logra apropiarse de los saberes.  '),
(128, 154, 2, 3, 'ZUBIA Rosa Noelia', 3, 100, 3, 'Cuento: análisis y comprensión. Coherencia y cohesión. Lectura. | Microrrelato. Géneros ficción y no ficción. Taller: la comunicación y sus elementos. Medios de Comunicación Masiva: historia de la prensa escrita, la radio, la televisión e internet. | ', 'REGULARMENTE es responsable y comprometido. | REGULARMENTE entrega en tiempo y forma de las actividades. | REGULARMENTE se apropia y socializa los saberes. | REGULARMENTE utiliza el lenguaje específico del área. | REGULARMENTE trabaja de manera colaborativa. | SIEMPRE usa adecuadamente celulares y notebooks.', 'Ninguno', 'Logrado', 'Aborda propuestas sin dificultad. | Produce escritos coherentes y cohesionados.  | Debe utilizar correctamente la ortografía y acentuación .   '),
(129, 1, 1, 1, 'ALBORNOZ Lautaro Adrian', 2, 100, 0, 'Divisibilidad. Múltiplos y divisores. M.C.M. y D.C.M.  Números enteros. Suma, resta, multiplicación y división. Reglas de signos. Orden de jerarquía. Potenciación. Propiedades. Radicación. Propiedades. Operaciones  combinadas', 'NO es responsable y comprometido. | REGULARMENTE entrega en tiempo y forma de las actividades. | NO se apropia y socializa los saberes. | NO utiliza el lenguaje específico del área. | NO trabaja de manera colaborativa. | NO usa adecuadamente celulares y notebooks.', 'Divisibilidad. Múltiplos y divisores. M.C.M. y D.C.M.  Números enteros. Suma, resta, multiplicación y división. Reglas de signos. Operaciones  combinadas. Orden de jerarquía. Potenciación. Propiedades. Radicación. Propiedades ', 'En proceso', 'Interrumpirle las clases constantemente y no realiza las actividades solicitadas'),
(130, 2, 1, 1, 'ALMUNA Fernanda Ayelen', 2, 89, 4, 'Divisibilidad. Múltiplos y divisores. M.C.M. y D.C.M.  Números enteros. Suma, resta, multiplicación y división. Reglas de signos. Orden de jerarquía. Potenciación. Propiedades. Radicación. Propiedades. Operaciones  combinadas', 'REGULARMENTE es responsable y comprometido. | REGULARMENTE entrega en tiempo y forma de las actividades. | REGULARMENTE se apropia y socializa los saberes. | SIEMPRE utiliza el lenguaje específico del área. | SIEMPRE trabaja de manera colaborativa. | SIEMPRE usa adecuadamente celulares y notebooks.', ' Radicación. Propiedades. Operaciones  combinadas', 'Logrado', 'Buen trabajo aúlico '),
(131, 3, 1, 1, 'BONILLAS CATA Alex Yoel', 2, 100, 5, 'Divisibilidad. Múltiplos y divisores. M.C.M. y D.C.M.  Números enteros. Suma, resta, multiplicación y división. Reglas de signos. Orden de jerarquía. Potenciación. Propiedades. Radicación. Propiedades. Operaciones  combinadas', 'SIEMPRE es responsable y comprometido. | SIEMPRE entrega en tiempo y forma de las actividades. | SIEMPRE se apropia y socializa los saberes. | SIEMPRE utiliza el lenguaje específico del área. | SIEMPRE trabaja de manera colaborativa. | SIEMPRE usa adecuadamente celulares y notebooks.', 'Ninguno', 'Logrado', 'Excelente trabajo'),
(132, 155, 2, 4, 'ALVARADO Facundo Alejandro', 1, 0, 0, 'El estudiante se cambió de escuela ', 'NO es responsable y comprometido. | NO entrega en tiempo y forma de las actividades. | NO se apropia y socializa los saberes. | NO utiliza el lenguaje específico del área. | NO trabaja de manera colaborativa. | NO usa adecuadamente celulares y notebooks.', 'Ninguno', 'En proceso', ''),
(133, 137, 2, 3, 'AGUERO HUENCHUN Horacio Emanuel', 1, 100, 4, 'El espacio geográfico latinoamericano. Conformación del Estado. Orden conservador. | Revolución industrial.', 'REGULARMENTE es responsable y comprometido. | REGULARMENTE entrega en tiempo y forma de las actividades. | REGULARMENTE se apropia y socializa los saberes. | REGULARMENTE utiliza el lenguaje específico del área. | REGULARMENTE trabaja de manera colaborativa. | POCAS VECES usa adecuadamente celulares y notebooks.', '-', 'Logrado', 'En ocasiones se lo encuentra distraído con el celular.'),
(134, 138, 2, 3, 'BURGOS YEVARA Yamila Rianet', 1, 90, 5, 'El espacio geográfico latinoamericano.  | Conformación del Estado. Orden conservador. | Revolución industrial.', 'SIEMPRE es responsable y comprometido. | REGULARMENTE entrega en tiempo y forma de las actividades. | SIEMPRE se apropia y socializa los saberes. | SIEMPRE utiliza el lenguaje específico del área. | SIEMPRE trabaja de manera colaborativa. | SIEMPRE usa adecuadamente celulares y notebooks.', '-', 'Logrado', '¡Felicitaciones!'),
(135, 4, 1, 1, 'CARRASCO AVENDAO Bautista Benjamin', 2, 90, 4, 'Divisibilidad. Múltiplos y divisores. M.C.M. y D.C.M.  Números enteros. Suma, resta, multiplicación y división. Reglas de signos. Orden de jerarquía. Potenciación. Propiedades. Radicación. Propiedades. Operaciones  combinadas', 'SIEMPRE es responsable y comprometido. | REGULARMENTE entrega en tiempo y forma de las actividades. | SIEMPRE se apropia y socializa los saberes. | REGULARMENTE utiliza el lenguaje específico del área. | SIEMPRE trabaja de manera colaborativa. | SIEMPRE usa adecuadamente celulares y notebooks.', 'Radicación. Propiedades. Operaciones  combinadas', 'Logrado', 'Buen trabajo aulico'),
(136, 5, 1, 1, 'CARRASCO REY Sara Celeste', 2, 90, 3, 'Divisibilidad. Múltiplos y divisores. M.C.M. y D.C.M.  Números enteros. Suma, resta, multiplicación y división. Reglas de signos. Orden de jerarquía. Potenciación. Propiedades. Radicación. Propiedades. Operaciones  combinadas', 'REGULARMENTE es responsable y comprometido. | REGULARMENTE entrega en tiempo y forma de las actividades. | SIEMPRE se apropia y socializa los saberes. | REGULARMENTE utiliza el lenguaje específico del área. | REGULARMENTE trabaja de manera colaborativa. | REGULARMENTE usa adecuadamente celulares y notebooks.', 'Radicación. Propiedades. Operaciones  combinadas', 'Logrado', 'Se distrae con facilidad '),
(137, 6, 1, 1, 'DOMINGUEZ Zaira Yoseln', 2, 80, 4, 'Divisibilidad. Múltiplos y divisores. M.C.M. y D.C.M.  Números enteros. Suma, resta, multiplicación y división. Reglas de signos. Orden de jerarquía. Potenciación. Propiedades. Radicación. Propiedades. Operaciones  combinadas', 'SIEMPRE es responsable y comprometido. | REGULARMENTE entrega en tiempo y forma de las actividades. | REGULARMENTE se apropia y socializa los saberes. | REGULARMENTE utiliza el lenguaje específico del área. | REGULARMENTE trabaja de manera colaborativa. | SIEMPRE usa adecuadamente celulares y notebooks.', 'Potenciación. Propiedades. Radicación. Propiedades. Operaciones  combinadas', 'Logrado', 'Se destaca el esfuerzo por resolver las actividades planteadas'),
(138, 7, 1, 1, 'FALCON Gael Benjamin', 2, 70, 4, 'Divisibilidad. Múltiplos y divisores. M.C.M. y D.C.M.  Números enteros. Suma, resta, multiplicación y división. Reglas de signos. Orden de jerarquía. Potenciación. Propiedades. Radicación. Propiedades. Operaciones  combinadas', 'SIEMPRE es responsable y comprometido. | REGULARMENTE entrega en tiempo y forma de las actividades. | SIEMPRE se apropia y socializa los saberes. | REGULARMENTE utiliza el lenguaje específico del área. | REGULARMENTE trabaja de manera colaborativa. | SIEMPRE usa adecuadamente celulares y notebooks.', 'Radicación. Propiedades. Operaciones  combinadas', 'En proceso', 'Resuelve las actividades planteadas con empeño y algo de dificultad. Cuidado con las faltas'),
(139, 8, 1, 1, 'FLORES Jhoan Alexander', 2, 60, 1, 'Divisibilidad. Múltiplos y divisores. M.C.M. y D.C.M.  Números enteros. Suma, resta, multiplicación y división. Reglas de signos. Orden de jerarquía. Potenciación. Propiedades. Radicación. Propiedades. Operaciones  combinadas', 'POCAS VECES es responsable y comprometido. | POCAS VECES entrega en tiempo y forma de las actividades. | POCAS VECES se apropia y socializa los saberes. | POCAS VECES utiliza el lenguaje específico del área. | REGULARMENTE trabaja de manera colaborativa. | REGULARMENTE usa adecuadamente celulares y notebooks.', 'Orden de jerarquía. Potenciación. Propiedades. Radicación. Propiedades. Operaciones  combinadas', 'En proceso', 'No participa en clase e interrumpe la misma constantemente'),
(140, 9, 1, 1, 'FLORES Nahiara Sofia', 2, 70, 3, 'Divisibilidad. Múltiplos y divisores. M.C.M. y D.C.M.  Números enteros. Suma, resta, multiplicación y división. Reglas de signos. Orden de jerarquía. Potenciación. Propiedades. Radicación. Propiedades. Operaciones  combinadas', 'REGULARMENTE es responsable y comprometido. | POCAS VECES entrega en tiempo y forma de las actividades. | REGULARMENTE se apropia y socializa los saberes. | REGULARMENTE utiliza el lenguaje específico del área. | REGULARMENTE trabaja de manera colaborativa. | SIEMPRE usa adecuadamente celulares y notebooks.', 'Orden de jerarquía. Potenciación. Propiedades. Radicación. Propiedades. Operaciones  combinadas', 'En proceso', 'Cuidado con las inasistencias. Se destaca el esfuerzo para resolver las actividades planteadas'),
(141, 10, 1, 1, 'FREDES Joel Ilich', 2, 100, 4, 'Divisibilidad. Múltiplos y divisores. M.C.M. y D.C.M.  Números enteros. Suma, resta, multiplicación y división. Reglas de signos. Orden de jerarquía. Potenciación. Propiedades. Radicación. Propiedades. Operaciones  combinadas', 'REGULARMENTE es responsable y comprometido. | REGULARMENTE entrega en tiempo y forma de las actividades. | REGULARMENTE se apropia y socializa los saberes. | POCAS VECES utiliza el lenguaje específico del área. | REGULARMENTE trabaja de manera colaborativa. | SIEMPRE usa adecuadamente celulares y notebooks.', 'Orden de jerarquía. Potenciación. Propiedades. Radicación. Propiedades. Operaciones  combinadas', 'Logrado', 'Tiene dificultad a la hora de realizar las actividades pero se destaca su esfuerzo, solo le falta velocidad en los dictados'),
(142, 11, 1, 1, 'MIRANDA Camila Anahi', 2, 80, 3, 'Divisibilidad. Múltiplos y divisores. M.C.M. y D.C.M.  Números enteros. Suma, resta, multiplicación y división. Reglas de signos. Orden de jerarquía. Potenciación. Propiedades. Radicación. Propiedades. Operaciones  combinadas', 'REGULARMENTE es responsable y comprometido. | REGULARMENTE entrega en tiempo y forma de las actividades. | POCAS VECES se apropia y socializa los saberes. | POCAS VECES utiliza el lenguaje específico del área. | POCAS VECES trabaja de manera colaborativa. | SIEMPRE usa adecuadamente celulares y notebooks.', 'Multiplicación y división. Reglas de signos. Orden de jerarquía. Potenciación. Propiedades. Radicación. Propiedades. Operaciones  combinadas', 'Logrado', 'Expresa dificultades aunque se distrae con extrema facilidad'),
(143, 12, 1, 1, 'MIRANDA Eugenia Edith', 2, 100, 1, 'Divisibilidad. Múltiplos y divisores. M.C.M. y D.C.M.  Números enteros. Suma, resta, multiplicación y división. Reglas de signos. Orden de jerarquía. Potenciación. Propiedades. Radicación. Propiedades. Operaciones  combinadas', 'REGULARMENTE es responsable y comprometido. | REGULARMENTE entrega en tiempo y forma de las actividades. | POCAS VECES se apropia y socializa los saberes. | POCAS VECES utiliza el lenguaje específico del área. | POCAS VECES trabaja de manera colaborativa. | POCAS VECES usa adecuadamente celulares y notebooks.', 'Divisibilidad. Múltiplos y divisores. M.C.M. y D.C.M. . Orden de jerarquía. Potenciación. Propiedades. Radicación. Propiedades. Operaciones  combinadas', 'En proceso', 'Demuestra falta de interés con el área y no realiza consultas'),
(144, 137, 2, 3, 'AGUERO HUENCHUN Horacio Emanuel', 4, 90, 5, 'Vinculación de diferentes experiencias artísticas en el contexto social y cultural del estudiante para la producción de sentido estético expresivo. | El disfrute de los espacios artísticos para comprometerse llevar a cabo proyectos artísticos.', 'REGULARMENTE es responsable y comprometido. | REGULARMENTE entrega en tiempo y forma de las actividades. | REGULARMENTE se apropia y socializa los saberes. | REGULARMENTE utiliza el lenguaje específico del área. | REGULARMENTE trabaja de manera colaborativa. | POCAS VECES usa adecuadamente celulares y notebooks.', 'Ninguno ', 'Logrado', 'Mantiene constante su proceso se enseñanza aprendizaje, participa y colabora en clases'),
(145, 13, 1, 1, 'ROMERO VARGAS Liz Joscelyn', 2, 70, 4, 'Divisibilidad. Múltiplos y divisores. M.C.M. y D.C.M.  Números enteros. Suma, resta, multiplicación y división. Reglas de signos. Orden de jerarquía. Potenciación. Propiedades. Radicación. Propiedades. Operaciones  combinadas', 'REGULARMENTE es responsable y comprometido. | REGULARMENTE entrega en tiempo y forma de las actividades. | POCAS VECES se apropia y socializa los saberes. | POCAS VECES utiliza el lenguaje específico del área. | REGULARMENTE trabaja de manera colaborativa. | REGULARMENTE usa adecuadamente celulares y notebooks.', 'Radicación. Propiedades. Operaciones  combinadas', 'En proceso', 'Cuidado con las inasistencias. Realiza las actividades con mucho empeño, posee dificultades pero buena predisposición '),
(146, 14, 1, 1, 'SAN MARTIN AVENDAO Brenda Aldana', 2, 90, 1, 'Divisibilidad. Múltiplos y divisores. M.C.M. y D.C.M.  Números enteros. Suma, resta, multiplicación y división. Reglas de signos. Orden de jerarquía. Potenciación. Propiedades. Radicación. Propiedades. Operaciones  combinadas', 'POCAS VECES es responsable y comprometido. | POCAS VECES entrega en tiempo y forma de las actividades. | POCAS VECES se apropia y socializa los saberes. | POCAS VECES utiliza el lenguaje específico del área. | POCAS VECES trabaja de manera colaborativa. | NO usa adecuadamente celulares y notebooks.', 'Divisibilidad. Múltiplos y divisores. M.C.M. y D.C.M.  Números enteros. Suma, resta, multiplicación y división. Reglas de signos. Orden de jerarquía. Potenciación. Propiedades. Radicación. Propiedades. Operaciones  combinadas', 'En proceso', 'Falta de compromiso por las actividades planteadas. No participa en clase e interrumpe constantemente.'),
(147, 15, 1, 1, 'TEUQUE Ariel Geremias', 2, 90, 3, 'Divisibilidad. Múltiplos y divisores. M.C.M. y D.C.M.  Números enteros. Suma, resta, multiplicación y división. Reglas de signos. Orden de jerarquía. Potenciación. Propiedades. Radicación. Propiedades. Operaciones  combinadas', 'POCAS VECES es responsable y comprometido. | REGULARMENTE entrega en tiempo y forma de las actividades. | POCAS VECES se apropia y socializa los saberes. | POCAS VECES utiliza el lenguaje específico del área. | REGULARMENTE trabaja de manera colaborativa. | REGULARMENTE usa adecuadamente celulares y notebooks.', 'Propiedades. Radicación. Propiedades. Operaciones  combinadas', 'Logrado', 'Falta de compromiso en las actividades planteadas. Se distrae con facilidad'),
(148, 16, 1, 1, 'TOLABA GASPAR Sol Jazmin Aldana', 2, 100, 4, 'Divisibilidad. Múltiplos y divisores. M.C.M. y D.C.M.  Números enteros. Suma, resta, multiplicación y división. Reglas de signos. Orden de jerarquía. Potenciación. Propiedades. Radicación. Propiedades. Operaciones  combinadas', 'REGULARMENTE es responsable y comprometido. | REGULARMENTE entrega en tiempo y forma de las actividades. | REGULARMENTE se apropia y socializa los saberes. | REGULARMENTE utiliza el lenguaje específico del área. | REGULARMENTE trabaja de manera colaborativa. | SIEMPRE usa adecuadamente celulares y notebooks.', ' Potenciación. Propiedades. Radicación. Propiedades. Operaciones  combinadas', 'Logrado', 'Realiza las actividades planteadas con gran dificultad pero se destaca el esfuerzo del estudiante'),
(149, 138, 2, 3, 'BURGOS YEVARA Yamila Rianet', 4, 100, 5, 'Vinculación de diferentes experiencias en el contexto social y cultural del estudiante para la construcción del sentido estético expresivo.  | El disfrute de los espacios artísticos para comprometerse y llevar a cabo proyectos  | ', 'SIEMPRE es responsable y comprometido. | SIEMPRE entrega en tiempo y forma de las actividades. | SIEMPRE se apropia y socializa los saberes. | SIEMPRE utiliza el lenguaje específico del área. | SIEMPRE trabaja de manera colaborativa. | SIEMPRE usa adecuadamente celulares y notebooks.', 'Ninguno', 'Logrado', 'Felicitaciones por la buena predisposición al trabajo aulico y tu aporte a todas las actividades propuestas en el área.'),
(150, 17, 1, 1, 'TRAFIANCO Naiara Jazmin', 2, 100, 1, 'Divisibilidad. Múltiplos y divisores. M.C.M. y D.C.M.  Números enteros. Suma, resta, multiplicación y división. Reglas de signos. Orden de jerarquía. Potenciación. Propiedades. Radicación. Propiedades. Operaciones  combinadas', 'NO es responsable y comprometido. | POCAS VECES entrega en tiempo y forma de las actividades. | NO se apropia y socializa los saberes. | POCAS VECES utiliza el lenguaje específico del área. | POCAS VECES trabaja de manera colaborativa. | NO usa adecuadamente celulares y notebooks.', 'Divisibilidad. Múltiplos y divisores. M.C.M. y D.C.M.  Números enteros. Suma, resta, multiplicación y división. Reglas de signos. Orden de jerarquía. Potenciación. Propiedades. Radicación. Propiedades. Operaciones  combinadas', 'En proceso', 'Interrumpe la clase constante mente. No participa en las actividades y se pinta en clase constantemente'),
(151, 139, 2, 3, 'CABANA Janet Isabel', 4, 100, 5, 'Vinculación de diferentes experiencias en el contexto social y cultural del estudiante para la construcción del sentido estético expresivo.  | El disfrute de los espacios artísticos para comprometerse y llevar a cabo proyectos  | ', 'SIEMPRE es responsable y comprometido. | SIEMPRE entrega en tiempo y forma de las actividades. | SIEMPRE se apropia y socializa los saberes. | SIEMPRE utiliza el lenguaje específico del área. | SIEMPRE trabaja de manera colaborativa. | SIEMPRE usa adecuadamente celulares y notebooks.', 'Ninguno', 'Logrado', 'Felicitaciones por tu buena predisposición frente a las actividades propuestas.  Seguimos avanzando ');
INSERT INTO `registros` (`id_registro`, `id_estudiante`, `turno`, `anio`, `nombre`, `area`, `asistencia`, `participacion`, `proceso`, `criterios`, `fortalecer`, `trayectoria`, `observaciones`) VALUES
(152, 18, 1, 1, 'VARELA ROTH Valentina Milagros', 2, 90, 4, 'Divisibilidad. Múltiplos y divisores. M.C.M. y D.C.M.  Números enteros. Suma, resta, multiplicación y división. Reglas de signos. Orden de jerarquía. Potenciación. Propiedades. Radicación. Propiedades. Operaciones  combinadas', 'REGULARMENTE es responsable y comprometido. | REGULARMENTE entrega en tiempo y forma de las actividades. | REGULARMENTE se apropia y socializa los saberes. | POCAS VECES utiliza el lenguaje específico del área. | REGULARMENTE trabaja de manera colaborativa. | REGULARMENTE usa adecuadamente celulares y notebooks.', 'Radicación. Propiedades. Operaciones  combinadas', 'Logrado', 'Desde las primeras clases se nota una mejoría en su comportamiento y realiza las actividades con dificultad pero se destaca el esfuerzo '),
(153, 140, 2, 3, 'CHOQUE Henry Jonas', 4, 100, 5, 'Vinculación de diferentes experiencias en el contexto social y cultural del estudiante para la construcción del sentido estético expresivo.  | El disfrute de los espacios artísticos para comprometerse y llevar a cabo proyectos  | ', 'SIEMPRE es responsable y comprometido. | SIEMPRE entrega en tiempo y forma de las actividades. | SIEMPRE se apropia y socializa los saberes. | SIEMPRE utiliza el lenguaje específico del área. | SIEMPRE trabaja de manera colaborativa. | SIEMPRE usa adecuadamente celulares y notebooks.', 'Ninguno', 'Logrado', 'Felicitaciones por tu buen desempeño en este periodo. Seguimos avanzando '),
(154, 19, 1, 1, 'VELARDE Mateo Gabriel', 2, 100, 2, 'Divisibilidad. Múltiplos y divisores. M.C.M. y D.C.M.  Números enteros. Suma, resta, multiplicación y división. Reglas de signos. Orden de jerarquía. Potenciación. Propiedades. Radicación. Propiedades. Operaciones  combinadas', 'POCAS VECES es responsable y comprometido. | POCAS VECES entrega en tiempo y forma de las actividades. | REGULARMENTE se apropia y socializa los saberes. | POCAS VECES utiliza el lenguaje específico del área. | POCAS VECES trabaja de manera colaborativa. | POCAS VECES usa adecuadamente celulares y notebooks.', ' Potenciación. Propiedades. Radicación. Propiedades. Operaciones  combinadas', 'En proceso', 'El alumno interrumpe la clase y se distrae constantemente. Se destaca su capacidad pero mantiene una falta de ineteres '),
(155, 141, 2, 3, 'CONDORI LIMA Evelyn', 4, 80, 5, 'Vinculación de diferentes experiencias en el contexto social y cultural del estudiante para la construcción del sentido estético expresivo.  | El disfrute de los espacios artísticos para comprometerse y llevar a cabo proyectos  | ', 'SIEMPRE es responsable y comprometido. | SIEMPRE entrega en tiempo y forma de las actividades. | SIEMPRE se apropia y socializa los saberes. | SIEMPRE utiliza el lenguaje específico del área. | SIEMPRE trabaja de manera colaborativa. | SIEMPRE usa adecuadamente celulares y notebooks.', 'Ninguno', 'Logrado', 'Felicitaciones por tu buen desempeño en este periodo. Seguimos avanzando '),
(156, 142, 2, 3, 'ESPINOSA Claudelina Marlene', 4, 100, 5, 'Vinculación de diferentes experiencias en el contexto social y cultural del estudiante para la construcción del sentido estético expresivo.  | El disfrute de los espacios artísticos para comprometerse y llevar a cabo proyectos  | ', 'SIEMPRE es responsable y comprometido. | SIEMPRE entrega en tiempo y forma de las actividades. | SIEMPRE se apropia y socializa los saberes. | SIEMPRE utiliza el lenguaje específico del área. | SIEMPRE trabaja de manera colaborativa. | SIEMPRE usa adecuadamente celulares y notebooks.', 'Ninguno', 'Logrado', 'Felicitaciones por tu buen desempeño en este periodo.'),
(157, 20, 1, 1, 'VELAZQUEZ Camila Emilce', 2, 90, 2, 'Divisibilidad. Múltiplos y divisores. M.C.M. y D.C.M.  Números enteros. Suma, resta, multiplicación y división. Reglas de signos. Orden de jerarquía. Potenciación. Propiedades. Radicación. Propiedades. Operaciones  combinadas', 'POCAS VECES es responsable y comprometido. | REGULARMENTE entrega en tiempo y forma de las actividades. | REGULARMENTE se apropia y socializa los saberes. | POCAS VECES utiliza el lenguaje específico del área. | POCAS VECES trabaja de manera colaborativa. | POCAS VECES usa adecuadamente celulares y notebooks.', 'Divisibilidad. Múltiplos y divisores. M.C.M. y D.C.M.  Números enteros. Potenciación. Propiedades. Radicación. Propiedades. Operaciones  combinadas', 'En proceso', 'El estudiante se distrae con facilidad y dificulta una continuidad en su aprendizaje '),
(158, 143, 2, 3, 'ESPONDA Lautaro Andres', 4, 100, 3, 'Vinculación de diferentes experiencias en el contexto social y cultural del estudiante para la construcción del sentido estético expresivo.  | El disfrute de los espacios artísticos para comprometerse y llevar a cabo proyectos  | ', 'POCAS VECES es responsable y comprometido. | REGULARMENTE entrega en tiempo y forma de las actividades. | POCAS VECES se apropia y socializa los saberes. | POCAS VECES utiliza el lenguaje específico del área. | REGULARMENTE trabaja de manera colaborativa. | POCAS VECES usa adecuadamente celulares y notebooks.', 'Trayectoria de 2do año en curso', 'En proceso', 'Felicitaciones por la participación activa en este periodo. Demuestra interés en las actividades propuestas. Te invitamos a realizar las consultas '),
(159, 144, 2, 3, 'FARFAN Sebastian', 4, 100, 5, 'Vinculación de diferentes experiencias en el contexto social y cultural del estudiante para la construcción del sentido estético expresivo.  | El disfrute de los espacios artísticos para comprometerse y llevar a cabo proyectos  | ', 'SIEMPRE es responsable y comprometido. | SIEMPRE entrega en tiempo y forma de las actividades. | SIEMPRE se apropia y socializa los saberes. | SIEMPRE utiliza el lenguaje específico del área. | SIEMPRE trabaja de manera colaborativa. | SIEMPRE usa adecuadamente celulares y notebooks.', 'Ninguno', 'Logrado', 'Felicitaciones por tu buen desempeño en este periodo.  Seguimos avanzando '),
(160, 21, 1, 2, 'VIVANCO MONTESINO Cristian Oscar', 2, 100, 4, 'Divisibilidad. Múltiplos y divisores. M.C.M. y D.C.M.  Números enteros. Suma, resta, multiplicación y división. Reglas de signos. Orden de jerarquía. Potenciación. Propiedades. Radicación. Propiedades. Operaciones  combinadas', 'REGULARMENTE es responsable y comprometido. | REGULARMENTE entrega en tiempo y forma de las actividades. | POCAS VECES se apropia y socializa los saberes. | REGULARMENTE utiliza el lenguaje específico del área. | REGULARMENTE trabaja de manera colaborativa. | POCAS VECES usa adecuadamente celulares y notebooks.', 'Divisibilidad. Múltiplos y divisores. M.C.M. y D.C.M.  Potenciación. Propiedades. Radicación. Propiedades. Operaciones  combinadas', 'Logrado', 'Demuestra dificultad para realizar algunas actividades pero se destaca el esfuerzo y compromiso del estudiante '),
(161, 139, 2, 3, 'CABANA Janet Isabel', 1, 100, 5, 'El espacio geográfico latinoamericano.  | Conformación del Estado. Orden conservador. | Revolución industrial.', 'SIEMPRE es responsable y comprometido. | SIEMPRE entrega en tiempo y forma de las actividades. | SIEMPRE se apropia y socializa los saberes. | SIEMPRE utiliza el lenguaje específico del área. | SIEMPRE trabaja de manera colaborativa. | SIEMPRE usa adecuadamente celulares y notebooks.', 'Ninguno', 'Logrado', '-'),
(162, 145, 2, 3, 'LILLO Denzel Miyael', 4, 80, 3, 'Vinculación de diferentes experiencias en el contexto social y cultural del estudiante para la construcción del sentido estético expresivo.  | El disfrute de los espacios artísticos para comprometerse y llevar a cabo proyectos  | ', 'POCAS VECES es responsable y comprometido. | POCAS VECES entrega en tiempo y forma de las actividades. | POCAS VECES se apropia y socializa los saberes. | POCAS VECES utiliza el lenguaje específico del área. | POCAS VECES trabaja de manera colaborativa. | NO usa adecuadamente celulares y notebooks.', 'Falta acreditar la trayectoria de segundo año ', 'En proceso', 'Te solicitamos más compromiso y participación. Evitar el uso del celular, ya que es un obstáculo para tu aprendizaje '),
(163, 140, 2, 3, 'CHOQUE Henry Jonas', 1, 90, 3, '-', 'POCAS VECES es responsable y comprometido. | POCAS VECES entrega en tiempo y forma de las actividades. | POCAS VECES se apropia y socializa los saberes. | POCAS VECES utiliza el lenguaje específico del área. | REGULARMENTE trabaja de manera colaborativa. | POCAS VECES usa adecuadamente celulares y notebooks.', 'El espacio geográfico latinoamericano.  | Conformación del Estado. Orden conservador. | Revolución industrial.', 'En proceso', 'En ocasiones se distrae en clase.'),
(164, 142, 2, 3, 'ESPINOSA Claudelina Marlene', 1, 100, 4, 'El espacio geográfico latinoamericano.  | Conformación del Estado. Orden conservador. | Revolución industrial.', 'SIEMPRE es responsable y comprometido. | SIEMPRE entrega en tiempo y forma de las actividades. | REGULARMENTE se apropia y socializa los saberes. | SIEMPRE utiliza el lenguaje específico del área. | SIEMPRE trabaja de manera colaborativa. | SIEMPRE usa adecuadamente celulares y notebooks.', '-', 'Logrado', '-'),
(165, 143, 2, 3, 'ESPONDA Lautaro Andres', 1, 80, 3, '-', 'POCAS VECES es responsable y comprometido. | POCAS VECES entrega en tiempo y forma de las actividades. | NO se apropia y socializa los saberes. | NO utiliza el lenguaje específico del área. | NO trabaja de manera colaborativa. | NO usa adecuadamente celulares y notebooks.', 'El espacio geográfico latinoamericano.  | Conformación del Estado. Orden conservador. | Revolución industrial.', 'En proceso', 'Regularmente se lo encuentra disperso, con sus compañeros y el celular. (Estudiante en inclusión)'),
(166, 144, 2, 3, 'FARFAN Sebastian', 1, 90, 5, 'El espacio geográfico latinoamericano.  | Conformación del Estado. Orden conservador. | Revolución industrial.', 'SIEMPRE es responsable y comprometido. | REGULARMENTE entrega en tiempo y forma de las actividades. | SIEMPRE se apropia y socializa los saberes. | SIEMPRE utiliza el lenguaje específico del área. | SIEMPRE trabaja de manera colaborativa. | SIEMPRE usa adecuadamente celulares y notebooks.', '-', 'Logrado', '-'),
(167, 120, 2, 2, 'APARICIO Nadia Paola', 3, 90, 3, 'Cuento: análisis y comprensión lectora- estructura. Coherencia y cohesión textual. Lectura fluida. La Noticia: estructura y redacción- elementos paratextuales-jerarquización de la información. ', 'SIEMPRE es responsable y comprometido. | SIEMPRE entrega en tiempo y forma de las actividades. | SIEMPRE se apropia y socializa los saberes. | SIEMPRE utiliza el lenguaje específico del área. | SIEMPRE trabaja de manera colaborativa. | SIEMPRE usa adecuadamente celulares y notebooks.', 'Ninguno', 'Logrado', 'Aborda las propuestas brindadas sin dificultad. | Produce escritos de forma coherentes y cohesionadas.  | Se expresa oralmente sin dificultad. | '),
(168, 122, 2, 2, 'CARLOS Melinda Esther', 3, 90, 0, 'Cuento: análisis y comprensión lectora- estructura. Coherencia y cohesión textual. Lectura fluida. La Noticia: estructura y redacción- elementos paratextuales-jerarquización de la información.  |  | ', 'POCAS VECES es responsable y comprometido. | POCAS VECES entrega en tiempo y forma de las actividades. | POCAS VECES se apropia y socializa los saberes. | POCAS VECES utiliza el lenguaje específico del área. | POCAS VECES trabaja de manera colaborativa. | POCAS VECES usa adecuadamente celulares y notebooks.', 'Coherencia y cohesión textual.  La Noticia: estructura y redacción- elementos paratextuales-jerarquización de la información. ', 'En proceso', 'Trabaja y muestra interés en las propuestas. Debe esforzarse en la redacción utilizando correctamente la ortografía, acentuación y puntuación.   '),
(169, 123, 2, 2, 'CASTRO LOSON Emanuel Vicente Benjamin', 3, 90, 3, 'Cuento: análisis y comprensión lectora- estructura. Coherencia y cohesión textual. Lectura fluida. La Noticia: estructura y redacción- elementos paratextuales-jerarquización de la información.  |  | ', 'POCAS VECES es responsable y comprometido. | POCAS VECES entrega en tiempo y forma de las actividades. | POCAS VECES se apropia y socializa los saberes. | POCAS VECES utiliza el lenguaje específico del área. | POCAS VECES trabaja de manera colaborativa. | SIEMPRE usa adecuadamente celulares y notebooks.', 'La Noticia: estructura y redacción- elementos paratextuales-jerarquización de la información', 'En proceso', 'Aborda las propuestas sin dificultad.  | Produce escritos coherentes y cohesionadas.  | Consulta al docente pero no logra culminar las propuestas. | '),
(170, 124, 2, 2, 'COLQUE ESCOBAR Rocio Mabel', 3, 90, 5, 'Cuento: análisis y comprensión lectora- estructura. Coherencia y cohesión textual. Lectura fluida. La Noticia: estructura y redacción- elementos paratextuales-jerarquización de la información. ', 'SIEMPRE es responsable y comprometido. | SIEMPRE entrega en tiempo y forma de las actividades. | SIEMPRE se apropia y socializa los saberes. | SIEMPRE utiliza el lenguaje específico del área. | SIEMPRE trabaja de manera colaborativa. | SIEMPRE usa adecuadamente celulares y notebooks.', 'Ninguno', 'Logrado', 'Aborda las propuestas brindadas sin dificultad. | Produce escritos de forma coherentes y cohesionados.  | Se expresa oralmente sin dificultad. | '),
(171, 125, 2, 2, 'FRANCO MONGE Daiana Belen', 3, 75, 0, 'Cuento: análisis y comprensión lectora- estructura. Coherencia y cohesión textual. Lectura fluida. La Noticia: estructura y redacción- elementos paratextuales-jerarquización de la información.  |  | ', 'SIEMPRE es responsable y comprometido. | SIEMPRE entrega en tiempo y forma de las actividades. | SIEMPRE se apropia y socializa los saberes. | SIEMPRE utiliza el lenguaje específico del área. | SIEMPRE trabaja de manera colaborativa. | SIEMPRE usa adecuadamente celulares y notebooks.', 'Ninguno', 'Logrado', 'Aborda las propuestas brindadas sin dificultad. | Produce escritos de forma coherentes y cohesionadas.  | Debe participar en clase. '),
(172, 126, 2, 2, 'GARCIA LOPEZ Santiago Ivan', 3, 90, 2, 'Cuento: análisis y comprensión lectora- estructura. Coherencia y cohesión textual. Lectura fluida. La Noticia: estructura y redacción- elementos paratextuales-jerarquización de la información. ', 'REGULARMENTE es responsable y comprometido. | REGULARMENTE entrega en tiempo y forma de las actividades. | REGULARMENTE se apropia y socializa los saberes. | REGULARMENTE utiliza el lenguaje específico del área. | REGULARMENTE trabaja de manera colaborativa. | NO usa adecuadamente celulares y notebooks.', 'Ninguno', 'Logrado', 'Aborda las propuestas brindadas sin dificultad. | Produce escritos de forma coherentes y cohesionadas.  | Se dispersa haciendo mal uso del celular.'),
(173, 127, 2, 2, 'GUTIERREZ SARAPURA Celeste Olga Isabel', 3, 100, 5, 'Cuento: análisis y comprensión lectora- estructura. Coherencia y cohesión textual. Lectura fluida. La Noticia: estructura y redacción- elementos paratextuales-jerarquización de la información. ', 'SIEMPRE es responsable y comprometido. | SIEMPRE entrega en tiempo y forma de las actividades. | SIEMPRE se apropia y socializa los saberes. | SIEMPRE utiliza el lenguaje específico del área. | SIEMPRE trabaja de manera colaborativa. | REGULARMENTE usa adecuadamente celulares y notebooks.', 'Coherencia y cohesión textual.', 'Logrado', 'Trabaja y muestra interés en las propuestas. Debe esforzarse en la redacción utilizando correctamente la ortografía, acentuación y puntuación.  '),
(174, 128, 2, 2, 'HIDALGO BRITO Ian Lautaro Jos', 3, 70, 0, 'Cuento: análisis y comprensión lectora- estructura. Coherencia y cohesión textual. Lectura fluida. La Noticia: estructura y redacción- elementos paratextuales-jerarquización de la información.  |  | ', 'REGULARMENTE es responsable y comprometido. | NO entrega en tiempo y forma de las actividades. | NO se apropia y socializa los saberes. | NO utiliza el lenguaje específico del área. | REGULARMENTE trabaja de manera colaborativa. | SIEMPRE usa adecuadamente celulares y notebooks.', 'Cuento: análisis y comprensión lectora- estructura. Coherencia y cohesión textual. Lectura fluida. La Noticia: estructura y redacción- elementos paratextuales-jerarquización de la información.  | ', 'En proceso', 'Consulta al docente, sin embargo, no logra culminar las propuestas.'),
(175, 129, 2, 2, 'LLANOS TOLEDO Leonel Gaspar', 3, 80, 4, 'Cuento: análisis y comprensión lectora- estructura. Coherencia y cohesión textual. Lectura fluida. La Noticia: estructura y redacción- elementos paratextuales-jerarquización de la información.  |  | ', 'REGULARMENTE es responsable y comprometido. | REGULARMENTE entrega en tiempo y forma de las actividades. | REGULARMENTE se apropia y socializa los saberes. | REGULARMENTE utiliza el lenguaje específico del área. | REGULARMENTE trabaja de manera colaborativa. | POCAS VECES usa adecuadamente celulares y notebooks.', 'Ninguno', 'Logrado', 'Aborda las propuestas sin dificultad. | Produce escritos coherentes y cohesionados.  | Se dispersa haciendo mal uso del celular.'),
(176, 130, 2, 2, 'MARTINEZ VILTE Jose Ricardo', 3, 80, 3, 'Cuento: análisis y comprensión lectora- estructura. Coherencia y cohesión textual. Lectura fluida. La Noticia: estructura y redacción- elementos paratextuales-jerarquización de la información. ', 'SIEMPRE es responsable y comprometido. | REGULARMENTE entrega en tiempo y forma de las actividades. | REGULARMENTE se apropia y socializa los saberes. | REGULARMENTE utiliza el lenguaje específico del área. | REGULARMENTE trabaja de manera colaborativa. | POCAS VECES usa adecuadamente celulares y notebooks.', 'Ninguno', 'Logrado', 'Aborda las propuestas brindadas sin dificultad. | Produce escritos de forma coherentes y cohesionadas.  | Se dispersa haciendo mal uso del celular.'),
(177, 131, 2, 2, 'RAMOS Mia Emma Lujan', 3, 75, 0, 'Cuento: análisis y comprensión lectora- estructura. Coherencia y cohesión textual. Lectura fluida. La Noticia: estructura y redacción- elementos paratextuales-jerarquización de la información. ', 'SIEMPRE es responsable y comprometido. | SIEMPRE entrega en tiempo y forma de las actividades. | SIEMPRE se apropia y socializa los saberes. | SIEMPRE utiliza el lenguaje específico del área. | SIEMPRE trabaja de manera colaborativa. | SIEMPRE usa adecuadamente celulares y notebooks.', 'Ninguno', 'Logrado', 'Aborda las propuestas brindadas sin dificultad. | Produce escritos de forma coherentes y cohesionadas.  | Debe participar mas en clase.'),
(178, 132, 2, 2, 'REBOLLO MENDEZ Roger Alejandro', 3, 100, 3, 'Cuento: análisis y comprensión lectora- estructura. Coherencia y cohesión textual. Lectura fluida. La Noticia: estructura y redacción- elementos paratextuales-jerarquización de la información.  |  | ', 'REGULARMENTE es responsable y comprometido. | REGULARMENTE entrega en tiempo y forma de las actividades. | REGULARMENTE se apropia y socializa los saberes. | REGULARMENTE utiliza el lenguaje específico del área. | REGULARMENTE trabaja de manera colaborativa. | POCAS VECES usa adecuadamente celulares y notebooks.', 'Ninguno', 'Logrado', 'Trabaja y muestra interés en las propuestas. Debe trabajar de manera autónoma. Se dispersa haciendo mal uso del celular.'),
(179, 133, 2, 2, 'ROJAS Miguel Alex Benjamn', 3, 100, 3, 'Cuento: análisis y comprensión lectora- estructura. Coherencia y cohesión textual. Lectura fluida. La Noticia: estructura y redacción- elementos paratextuales-jerarquización de la información.  |  | ', 'REGULARMENTE es responsable y comprometido. | REGULARMENTE entrega en tiempo y forma de las actividades. | REGULARMENTE se apropia y socializa los saberes. | REGULARMENTE utiliza el lenguaje específico del área. | REGULARMENTE trabaja de manera colaborativa. | POCAS VECES usa adecuadamente celulares y notebooks.', 'Ninguno', 'Logrado', 'Trabaja y muestra interés en las propuestas.'),
(180, 134, 2, 2, 'UGARTE AVENDAÑO Camila Belen', 3, 80, 3, 'Cuento: análisis y comprensión lectora- estructura. Coherencia y cohesión textual. Lectura fluida. La Noticia: estructura y redacción- elementos paratextuales-jerarquización de la información. ', 'SIEMPRE es responsable y comprometido. | SIEMPRE entrega en tiempo y forma de las actividades. | SIEMPRE se apropia y socializa los saberes. | SIEMPRE utiliza el lenguaje específico del área. | SIEMPRE trabaja de manera colaborativa. | SIEMPRE usa adecuadamente celulares y notebooks.', 'Ninguno', 'Logrado', 'Aborda las propuestas brindadas sin dificultad. | Produce escritos de forma coherentes y cohesionadas.  | Debe participar mas en clase. '),
(181, 134, 2, 2, 'UGARTE AVENDAÑO Camila Belen', 3, 75, 2, 'Cuento: análisis y comprensión lectora- estructura. Coherencia y cohesión textual. Lectura fluida. La Noticia: estructura y redacción- elementos paratextuales-jerarquización de la información. ', 'SIEMPRE es responsable y comprometido. | SIEMPRE entrega en tiempo y forma de las actividades. | SIEMPRE se apropia y socializa los saberes. | SIEMPRE utiliza el lenguaje específico del área. | SIEMPRE trabaja de manera colaborativa. | SIEMPRE usa adecuadamente celulares y notebooks.', 'Ninguno', 'Logrado', 'Aborda las propuestas brindadas sin dificultad. | Produce escritos de forma coherentes y cohesionadas.  |  | '),
(182, 135, 2, 2, 'VELASQUEZ - ESPINOZA Marilyn Soledad', 3, 75, 3, 'Cuento: análisis y comprensión lectora- estructura. Coherencia y cohesión textual. Lectura fluida. La Noticia: estructura y redacción- elementos paratextuales-jerarquización de la información.  |  | ', 'SIEMPRE es responsable y comprometido. | SIEMPRE entrega en tiempo y forma de las actividades. | SIEMPRE se apropia y socializa los saberes. | SIEMPRE utiliza el lenguaje específico del área. | SIEMPRE trabaja de manera colaborativa. | SIEMPRE usa adecuadamente celulares y notebooks.', 'Ninguno', 'Logrado', 'Aborda las propuestas brindadas sin dificultad. | Produce escritos de forma coherentes y cohesionados.  | Debe participar mas en clase.'),
(183, 136, 2, 2, 'VILCA TORRES Daiana Del Milagro', 3, 90, 2, 'Cuento: análisis y comprensión lectora- estructura. Coherencia y cohesión textual. Lectura fluida. La Noticia: estructura y redacción- elementos paratextuales-jerarquización de la información.  |  | ', 'REGULARMENTE es responsable y comprometido. | REGULARMENTE entrega en tiempo y forma de las actividades. | REGULARMENTE se apropia y socializa los saberes. | REGULARMENTE utiliza el lenguaje específico del área. | REGULARMENTE trabaja de manera colaborativa. | REGULARMENTE usa adecuadamente celulares y notebooks.', 'Ninguno', 'Logrado', ' Trabaja y muestra interés en las propuestas. Debe esforzarse en la redacción utilizando correctamente la ortografía, acentuación y puntuación.   '),
(184, 136, 2, 2, 'VILCA TORRES Daiana Del Milagro', 3, 90, 2, 'Cuento: análisis y comprensión lectora- estructura. Coherencia y cohesión textual. Lectura fluida. La Noticia: estructura y redacción- elementos paratextuales-jerarquización de la información. ', 'SIEMPRE es responsable y comprometido. | SIEMPRE entrega en tiempo y forma de las actividades. | SIEMPRE se apropia y socializa los saberes. | SIEMPRE utiliza el lenguaje específico del área. | SIEMPRE trabaja de manera colaborativa. | SIEMPRE usa adecuadamente celulares y notebooks.', 'Ninguno', 'Logrado', 'Aborda las propuestas brindadas sin dificultad. | Produce escritos de forma coherentes y cohesionadas.  | '),
(185, 43, 1, 3, 'BONILLA CATA Rebeca', 2, 100, 5, 'Función lineal. Funciones paralela. Funciones perpendicular. Grafica. Ecuación de la recta. Sistema de ecuaciones. Método de determinantes. Métodos de igualación. Método de sumas y restas. In-ecuaciones. Con valor absoluto. Racionales', 'SIEMPRE es responsable y comprometido. | SIEMPRE entrega en tiempo y forma de las actividades. | SIEMPRE se apropia y socializa los saberes. | SIEMPRE utiliza el lenguaje específico del área. | REGULARMENTE trabaja de manera colaborativa. | SIEMPRE usa adecuadamente celulares y notebooks.', 'In-ecuaciones. Racionales', 'Logrado', 'Excelente autonomía en la resolución de actividades e interés en las actividades planteadas'),
(186, 44, 1, 3, 'CEGOVIA PAREDEZ Norma Magali', 2, 100, 3, 'Función lineal. Funciones paralela. Funciones perpendicular. Grafica. Ecuación de la recta. Sistema de ecuaciones. Método de determinantes. Métodos de igualación. Método de sumas y restas. In-ecuaciones. Con valor absoluto. Racionales', 'REGULARMENTE es responsable y comprometido. | POCAS VECES entrega en tiempo y forma de las actividades. | SIEMPRE se apropia y socializa los saberes. | POCAS VECES utiliza el lenguaje específico del área. | REGULARMENTE trabaja de manera colaborativa. | REGULARMENTE usa adecuadamente celulares y notebooks.', 'Función lineal. Ecuación de la recta. Sistema de ecuaciones. Método de determinantes. In-ecuaciones. Con valor absoluto. Racionales', 'Logrado', 'La asistencia considerada corresponde al turno mañana. Los saberes adeudados corresponden al cambio de turno'),
(187, 45, 1, 3, 'DUMRAUF Oscar Nicolas', 2, 100, 3, 'Función lineal. Funciones paralela. Funciones perpendicular. Grafica. Ecuación de la recta. Sistema de ecuaciones. Método de determinantes. Métodos de igualación. Método de sumas y restas. In-ecuaciones. Con valor absoluto. Racionales', 'REGULARMENTE es responsable y comprometido. | REGULARMENTE entrega en tiempo y forma de las actividades. | REGULARMENTE se apropia y socializa los saberes. | POCAS VECES utiliza el lenguaje específico del área. | POCAS VECES trabaja de manera colaborativa. | POCAS VECES usa adecuadamente celulares y notebooks.', 'Sistema de ecuaciones. Método de determinantes. In-ecuaciones. Con valor absoluto. Racionales', 'Logrado', 'Se distrae con facilidad. Expresa dificultades. Interrumpe la clase constantemente'),
(188, 46, 1, 3, 'ETCHEVER Laura Elizabeth', 2, 75, 3, 'Función lineal. Funciones paralela. Funciones perpendicular. Grafica. Ecuación de la recta. Sistema de ecuaciones. Método de determinantes. Métodos de igualación. Método de sumas y restas. In-ecuaciones. Con valor absoluto. Racionales', 'REGULARMENTE es responsable y comprometido. | REGULARMENTE entrega en tiempo y forma de las actividades. | POCAS VECES se apropia y socializa los saberes. | POCAS VECES utiliza el lenguaje específico del área. | POCAS VECES trabaja de manera colaborativa. | POCAS VECES usa adecuadamente celulares y notebooks.', ' In-ecuaciones. Con valor absoluto. Racionales', 'Logrado', 'Se distrae con facilidad. Demuestra capacidad para resolver apropiarse de los saberes'),
(190, 48, 1, 3, 'LEAEZ SEGOVIA Celeste', 2, 95, 4, 'Función lineal. Funciones paralela. Funciones perpendicular. Grafica. Ecuación de la recta. Sistema de ecuaciones. Método de determinantes. Métodos de igualación. Método de sumas y restas. In-ecuaciones. Con valor absoluto. Racionales', 'REGULARMENTE es responsable y comprometido. | REGULARMENTE entrega en tiempo y forma de las actividades. | REGULARMENTE se apropia y socializa los saberes. | REGULARMENTE utiliza el lenguaje específico del área. | REGULARMENTE trabaja de manera colaborativa. | POCAS VECES usa adecuadamente celulares y notebooks.', 'Sistema de ecuaciones. Método de determinantes. In-ecuaciones. Con valor absoluto. Racionales', 'Logrado', 'Uso inadecuado del celular en ocasiones. Demuestra gran capacidad y compromiso al resolver actividades.'),
(191, 22, 1, 2, 'ANDRES Leonel Fabio', 3, 80, 4, 'Escritura creativa - El cuento realista - La noticia - La crónica periodística: características, estructura, paratextos.', 'REGULARMENTE es responsable y comprometido. | REGULARMENTE entrega en tiempo y forma de las actividades. | REGULARMENTE se apropia y socializa los saberes. | REGULARMENTE utiliza el lenguaje específico del área. | REGULARMENTE trabaja de manera colaborativa. | REGULARMENTE usa adecuadamente celulares y notebooks.', 'Ninguno', 'Logrado', ''),
(192, 23, 1, 2, 'ASTUDILLO QUIDEL Alexis Joel', 3, 100, 4, 'Escritura creativa - El cuento realista - La noticia - La crónica periodística: características, estructura, paratextos.', 'REGULARMENTE es responsable y comprometido. | REGULARMENTE entrega en tiempo y forma de las actividades. | REGULARMENTE se apropia y socializa los saberes. | REGULARMENTE utiliza el lenguaje específico del área. | REGULARMENTE trabaja de manera colaborativa. | REGULARMENTE usa adecuadamente celulares y notebooks.', 'Ninguno', 'Logrado', ''),
(193, 43, 1, 3, 'BONILLA CATA Rebeca', 3, 100, 3, ' | -Saberes: la argumentación, reconocimiento del orden y la jerarquía de los argumentos para planificar el texto en forma eficiente. La argumentación en Literatura. Reconocimiento de hipótesis. Estimulo de la comprensión lectora de los estudiantes | ', 'SIEMPRE es responsable y comprometido. | SIEMPRE entrega en tiempo y forma de las actividades. | REGULARMENTE se apropia y socializa los saberes. | REGULARMENTE utiliza el lenguaje específico del área. | REGULARMENTE trabaja de manera colaborativa. | SIEMPRE usa adecuadamente celulares y notebooks.', 'Ninguno', 'Logrado', 'Estudiante muy responsable'),
(194, 24, 1, 2, 'AVILA RODRIGUEZ Anyhelina', 3, 80, 4, 'Escritura creativa - El cuento realista - La noticia - La crónica periodística: características, estructura, paratextos.', 'REGULARMENTE es responsable y comprometido. | REGULARMENTE entrega en tiempo y forma de las actividades. | REGULARMENTE se apropia y socializa los saberes. | REGULARMENTE utiliza el lenguaje específico del área. | REGULARMENTE trabaja de manera colaborativa. | REGULARMENTE usa adecuadamente celulares y notebooks.', 'Ninguno', 'Logrado', ''),
(195, 44, 1, 3, 'CEGOVIA PAREDEZ Norma Magali', 3, 95, 3, ' | -Saberes: la argumentación, reconocimiento del orden y la jerarquía de los argumentos para planificar el texto en forma eficiente. La argumentación en Literatura. Reconocimiento de hipótesis. Estimulo de la comprensión lectora de los estudiantes | ', 'SIEMPRE es responsable y comprometido. | REGULARMENTE entrega en tiempo y forma de las actividades. | REGULARMENTE se apropia y socializa los saberes. | REGULARMENTE utiliza el lenguaje específico del área. | REGULARMENTE trabaja de manera colaborativa. | SIEMPRE usa adecuadamente celulares y notebooks.', 'Ninguno', 'Logrado', 'Estudiante muy responsable.'),
(196, 25, 1, 2, 'BRITO Dianella Yenisse', 3, 100, 4, 'Escritura creativa - El cuento realista - La noticia - La crónica periodística: características, estructura, paratextos.', 'REGULARMENTE es responsable y comprometido. | REGULARMENTE entrega en tiempo y forma de las actividades. | REGULARMENTE se apropia y socializa los saberes. | REGULARMENTE utiliza el lenguaje específico del área. | REGULARMENTE trabaja de manera colaborativa. | REGULARMENTE usa adecuadamente celulares y notebooks.', 'Ninguno', 'Logrado', ''),
(197, 45, 1, 3, 'DUMRAUF Oscar Nicolas', 3, 90, 5, ' | -Saberes: la argumentación, reconocimiento del orden y la jerarquía de los argumentos para planificar el texto en forma eficiente. La argumentación en Literatura. Reconocimiento de hipótesis. Estimulo de la comprensión lectora de los estudiantes | ', 'REGULARMENTE es responsable y comprometido. | REGULARMENTE entrega en tiempo y forma de las actividades. | REGULARMENTE se apropia y socializa los saberes. | POCAS VECES utiliza el lenguaje específico del área. | SIEMPRE trabaja de manera colaborativa. | POCAS VECES usa adecuadamente celulares y notebooks.', 'Ninguno', 'Logrado', 'Debe concentrarse más en las actividades. Utilizar menos el celular.'),
(198, 49, 1, 3, 'MAÑAS Tomas Uriel', 2, 100, 0, 'Función lineal. Funciones paralela. Funciones perpendicular. Grafica. Ecuación de la recta. Sistema de ecuaciones. Método de determinantes. Métodos de igualación. Método de sumas y restas. In-ecuaciones. Con valor absoluto. Racionales', 'NO es responsable y comprometido. | NO entrega en tiempo y forma de las actividades. | NO se apropia y socializa los saberes. | NO utiliza el lenguaje específico del área. | NO trabaja de manera colaborativa. | NO usa adecuadamente celulares y notebooks.', 'Función lineal. Funciones paralela. Funciones perpendicular. Grafica. Ecuación de la recta. Sistema de ecuaciones. Método de determinantes. Métodos de igualación. Método de sumas y restas. In-ecuaciones. Con valor absoluto. Racionales', 'En proceso', 'El estudiante no realiza actividades en clase e interrumpe la misma constantemente. Adeuda 2do. '),
(199, 26, 1, 2, 'BURGOS CALIZAYA William Rolando', 3, 100, 4, 'Escritura creativa - El cuento realista - La noticia - La crónica periodística: características, estructura, paratextos.', 'REGULARMENTE es responsable y comprometido. | REGULARMENTE entrega en tiempo y forma de las actividades. | REGULARMENTE se apropia y socializa los saberes. | REGULARMENTE utiliza el lenguaje específico del área. | REGULARMENTE trabaja de manera colaborativa. | REGULARMENTE usa adecuadamente celulares y notebooks.', 'Ninguno', 'Logrado', ''),
(200, 27, 1, 2, 'BUSTOS Benjamin Juan Thiago', 3, 100, 4, 'Escritura creativa - El cuento realista - La noticia - La crónica periodística: características, estructura, paratextos.', 'REGULARMENTE es responsable y comprometido. | REGULARMENTE entrega en tiempo y forma de las actividades. | REGULARMENTE se apropia y socializa los saberes. | REGULARMENTE utiliza el lenguaje específico del área. | REGULARMENTE trabaja de manera colaborativa. | REGULARMENTE usa adecuadamente celulares y notebooks.', 'Ninguno', 'Logrado', ''),
(201, 28, 1, 2, 'BUSTOS CALDERON Priscila Leonor', 3, 75, 4, 'Escritura creativa - El cuento realista - La noticia - La crónica periodística: características, estructura, paratextos.', 'REGULARMENTE es responsable y comprometido. | REGULARMENTE entrega en tiempo y forma de las actividades. | REGULARMENTE se apropia y socializa los saberes. | REGULARMENTE utiliza el lenguaje específico del área. | REGULARMENTE trabaja de manera colaborativa. | REGULARMENTE usa adecuadamente celulares y notebooks.', 'Ninguno', 'Logrado', '');

-- --------------------------------------------------------

--
-- Estructura de tabla para la tabla `turnos`
--

CREATE TABLE `turnos` (
  `id_turno` int(11) NOT NULL,
  `turno` varchar(7) NOT NULL
) ENGINE=InnoDB DEFAULT CHARSET=utf8 COLLATE=utf8_general_ci;

--
-- Volcado de datos para la tabla `turnos`
--

INSERT INTO `turnos` (`id_turno`, `turno`) VALUES
(1, 'Mañana'),
(2, 'Tarde');

--
-- Índices para tablas volcadas
--

--
-- Indices de la tabla `estudiantes`
--
ALTER TABLE `estudiantes`
  ADD PRIMARY KEY (`id_estudiante`);

--
-- Indices de la tabla `materias`
--
ALTER TABLE `materias`
  ADD PRIMARY KEY (`id_materia`);

--
-- Indices de la tabla `registros`
--
ALTER TABLE `registros`
  ADD PRIMARY KEY (`id_registro`);

--
-- Indices de la tabla `turnos`
--
ALTER TABLE `turnos`
  ADD PRIMARY KEY (`id_turno`);

--
-- AUTO_INCREMENT de las tablas volcadas
--

--
-- AUTO_INCREMENT de la tabla `estudiantes`
--
ALTER TABLE `estudiantes`
  MODIFY `id_estudiante` int(11) NOT NULL AUTO_INCREMENT, AUTO_INCREMENT=189;

--
-- AUTO_INCREMENT de la tabla `materias`
--
ALTER TABLE `materias`
  MODIFY `id_materia` int(11) NOT NULL AUTO_INCREMENT, AUTO_INCREMENT=9;

--
-- AUTO_INCREMENT de la tabla `registros`
--
ALTER TABLE `registros`
  MODIFY `id_registro` int(11) NOT NULL AUTO_INCREMENT, AUTO_INCREMENT=202;

--
-- AUTO_INCREMENT de la tabla `turnos`
--
ALTER TABLE `turnos`
  MODIFY `id_turno` int(11) NOT NULL AUTO_INCREMENT, AUTO_INCREMENT=3;
COMMIT;

/*!40101 SET CHARACTER_SET_CLIENT=@OLD_CHARACTER_SET_CLIENT */;
/*!40101 SET CHARACTER_SET_RESULTS=@OLD_CHARACTER_SET_RESULTS */;
/*!40101 SET COLLATION_CONNECTION=@OLD_COLLATION_CONNECTION */;
